Effective date ,S&P Green Bond Index,Yield To Maturity,Yield To Worst
4/30/2013,139.49,2.29%,2.29%
05/01/2013,139.29,2.20%,2.20%
05/02/2013,138.99,2.17%,2.17%
05/03/2013,139.2,2.19%,2.19%
05/06/2013,138.81,2.19%,2.19%
05/07/2013,138.71,2.19%,2.19%
05/08/2013,139.12,2.18%,2.18%
05/09/2013,138.91,2.16%,2.16%
05/10/2013,137.7,2.20%,2.20%
5/13/2013,137.54,2.20%,2.20%
5/14/2013,137.26,2.20%,2.20%
5/15/2013,136.78,2.20%,2.20%
5/16/2013,137.06,2.18%,2.18%
5/17/2013,136.28,2.18%,2.18%
5/20/2013,136.58,2.19%,2.19%
5/21/2013,136.48,2.21%,2.21%
5/22/2013,136.36,2.20%,2.20%
5/23/2013,136.11,2.22%,2.22%
5/24/2013,136.24,2.22%,2.22%
5/27/2013,136.17,2.22%,2.22%
5/28/2013,135.54,2.24%,2.24%
5/29/2013,135.63,2.28%,2.28%
5/30/2013,135.9,2.30%,2.30%
5/31/2013,134.94,2.32%,2.32%
06/03/2013,135.61,2.32%,2.32%
06/04/2013,135.63,2.33%,2.33%
06/05/2013,135.11,2.33%,2.33%
06/06/2013,135.33,2.32%,2.32%
06/07/2013,135.16,2.38%,2.38%
06/10/2013,134.56,2.39%,2.39%
06/11/2013,134.58,2.43%,2.43%
06/12/2013,135.38,2.43%,2.43%
6/13/2013,135.66,2.40%,2.40%
6/14/2013,136.6,2.36%,2.36%
6/17/2013,136.08,2.46%,2.46%
6/18/2013,135.67,2.44%,2.44%
6/19/2013,136.13,2.48%,2.48%
6/20/2013,132.87,2.60%,2.60%
6/21/2013,132.28,2.60%,2.60%
6/24/2013,131.51,2.68%,2.68%
6/25/2013,131.86,2.65%,2.65%
6/26/2013,132.03,2.68%,2.68%
6/27/2013,132.1,2.63%,2.63%
6/28/2013,131.89,2.65%,2.65%
07/01/2013,132.51,2.66%,2.66%
07/02/2013,132.36,2.65%,2.65%
07/03/2013,131.7,2.68%,2.68%
07/04/2013,132.13,2.66%,2.66%
07/05/2013,130.77,2.71%,2.71%
07/08/2013,131.27,2.70%,2.70%
07/09/2013,131.31,2.68%,2.68%
07/10/2013,131.48,2.72%,2.72%
07/11/2013,132.1,2.69%,2.69%
07/12/2013,132.1,2.68%,2.68%
7/15/2013,132.33,2.66%,2.66%
7/16/2013,133.45,2.65%,2.65%
7/17/2013,133.47,2.64%,2.64%
7/18/2013,133.54,2.61%,2.61%
7/19/2013,134.05,2.45%,2.45%
7/22/2013,134.65,2.44%,2.44%
7/23/2013,134.85,2.45%,2.45%
7/24/2013,134.41,2.48%,2.48%
7/25/2013,134.19,2.50%,2.50%
7/26/2013,134.48,2.48%,2.48%
7/29/2013,134.38,2.48%,2.48%
7/30/2013,133.76,2.46%,2.46%
7/31/2013,133.67,2.45%,2.45%
08/01/2013,133.05,2.36%,2.36%
08/02/2013,133.35,2.33%,2.33%
08/05/2013,133.13,2.34%,2.34%
08/06/2013,133.65,2.34%,2.34%
08/07/2013,133.91,2.34%,2.34%
08/08/2013,134.6,2.34%,2.34%
08/09/2013,134.68,2.35%,2.35%
08/12/2013,134.3,2.35%,2.35%
8/13/2013,133.42,2.41%,2.41%
8/14/2013,133.81,2.42%,2.42%
8/15/2013,133.13,2.46%,2.46%
8/16/2013,133.66,2.45%,2.45%
8/19/2013,133.36,2.49%,2.49%
8/20/2013,133.64,2.45%,2.45%
8/21/2013,132.67,2.47%,2.47%
8/22/2013,132.45,2.54%,2.54%
8/23/2013,132.78,2.54%,2.54%
8/26/2013,132.81,2.52%,2.52%
8/27/2013,132.77,2.45%,2.45%
8/28/2013,132.41,2.50%,2.50%
8/29/2013,131.87,2.48%,2.48%
8/30/2013,131.54,2.48%,2.48%
09/02/2013,131.78,2.37%,2.37%
09/03/2013,131.58,2.38%,2.38%
09/04/2013,131.96,2.39%,2.39%
09/05/2013,131.1,2.45%,2.45%
09/06/2013,131.88,2.40%,2.40%
09/09/2013,132.64,2.39%,2.39%
09/10/2013,132.84,2.42%,2.42%
09/11/2013,133.12,2.40%,2.40%
09/12/2013,133.3,2.38%,2.38%
9/13/2013,133.02,2.37%,2.37%
9/16/2013,134.09,2.34%,2.34%
9/17/2013,134.16,2.35%,2.35%
9/18/2013,134.22,2.44%,2.44%
9/19/2013,136.03,2.39%,2.39%
9/20/2013,135.51,2.41%,2.41%
9/23/2013,135.64,2.39%,2.39%
9/24/2013,135.54,2.37%,2.37%
9/25/2013,135.31,2.35%,2.35%
9/26/2013,135.2,2.36%,2.36%
9/27/2013,135.28,2.34%,2.34%
9/30/2013,135.4,2.34%,2.34%
10/01/2013,135.65,2.35%,2.35%
10/02/2013,135.78,2.35%,2.35%
10/03/2013,135.99,2.35%,2.35%
10/04/2013,135.78,2.35%,2.35%
10/07/2013,135.7,2.35%,2.35%
10/08/2013,135.84,2.36%,2.36%
10/09/2013,135.38,2.36%,2.36%
10/10/2013,135.25,2.36%,2.36%
10/11/2013,135.6,2.35%,2.35%
10/14/2013,135.73,2.36%,2.36%
10/15/2013,135.43,2.36%,2.36%
10/16/2013,135.45,2.37%,2.37%
10/17/2013,136.75,2.31%,2.31%
10/18/2013,136.84,2.30%,2.30%
10/21/2013,136.8,2.30%,2.30%
10/22/2013,137.56,2.26%,2.26%
10/23/2013,137.31,2.25%,2.25%
10/24/2013,137.39,2.24%,2.24%
10/25/2013,137.49,2.24%,2.24%
10/28/2013,137.47,2.23%,2.23%
10/29/2013,137.16,2.24%,2.24%
10/30/2013,137.28,2.22%,2.22%
10/31/2013,136.35,2.23%,2.23%
11/01/2013,135.59,2.16%,2.16%
11/04/2013,135.98,2.15%,2.15%
11/05/2013,135.42,2.18%,2.18%
11/06/2013,135.84,2.16%,2.16%
11/07/2013,135.46,2.13%,2.13%
11/08/2013,134.6,2.16%,2.16%
11/11/2013,134.81,2.19%,2.19%
11/12/2013,134.44,2.19%,2.19%
11/13/2013,134.34,2.16%,2.16%
11/14/2013,134.77,2.13%,2.13%
11/15/2013,135.02,2.12%,2.12%
11/18/2013,135.69,2.11%,2.11%
11/19/2013,135.55,2.13%,2.13%
11/20/2013,135.42,2.13%,2.13%
11/21/2013,134.91,2.13%,2.13%
11/22/2013,135.26,2.13%,2.13%
11/25/2013,135.3,2.13%,2.13%
11/26/2013,135.41,2.15%,2.15%
11/27/2013,135.33,2.14%,2.14%
11/28/2013,135.46,2.14%,2.14%
11/29/2013,135.63,2.14%,2.14%
12/02/2013,135.2,1.97%,1.97%
12/03/2013,135.47,1.97%,1.97%
12/04/2013,135.1,1.99%,1.99%
12/05/2013,135.33,2.02%,2.02%
12/06/2013,135.46,2.02%,2.02%
12/09/2013,135.55,2.02%,2.02%
12/10/2013,135.91,2.01%,2.01%
12/11/2013,135.74,2.01%,2.01%
12/12/2013,135.33,2.02%,2.02%
12/13/2013,135.39,2.01%,2.01%
12/16/2013,135.59,2.01%,2.01%
12/17/2013,135.51,1.99%,1.99%
12/18/2013,135.69,2.00%,2.00%
12/19/2013,134.86,2.05%,2.05%
12/20/2013,134.86,2.07%,2.07%
12/23/2013,135.05,2.08%,2.08%
12/24/2013,134.8,2.09%,2.09%
12/25/2013,134.81,2.10%,2.10%
12/26/2013,134.88,2.10%,2.10%
12/27/2013,135.07,2.12%,2.12%
12/30/2013,135.56,2.11%,2.11%
12/31/2013,135.44,2.11%,2.11%
01/01/2014,135.48,2.12%,2.12%
01/02/2014,134.75,2.12%,2.12%
01/03/2014,134.66,2.11%,2.11%
01/06/2014,134.81,2.11%,2.11%
01/07/2014,134.79,2.09%,2.09%
01/08/2014,134.48,2.13%,2.13%
01/09/2014,134.31,2.12%,2.12%
01/10/2014,135.22,2.07%,2.07%
1/13/2014,135.4,2.05%,2.05%
1/14/2014,135.63,2.07%,2.07%
1/15/2014,134.98,2.09%,2.09%
1/16/2014,135.06,2.07%,2.07%
1/17/2014,135.03,2.05%,2.05%
1/20/2014,135.09,2.04%,2.04%
1/21/2014,134.94,2.05%,2.05%
1/22/2014,135.05,2.06%,2.06%
1/23/2014,135.6,2.03%,2.03%
1/24/2014,135.52,2.01%,2.01%
1/27/2014,135.56,2.01%,2.01%
1/28/2014,135.58,2.01%,2.01%
1/29/2014,135.45,2.00%,2.00%
1/30/2014,135.06,2.00%,2.00%
1/31/2014,134.83,1.99%,1.99%
02/03/2014,135.11,1.92%,1.92%
02/04/2014,135.2,1.93%,1.93%
02/05/2014,135.38,1.92%,1.92%
02/06/2014,135.68,1.94%,1.94%
02/07/2014,135.86,1.93%,1.93%
02/10/2014,135.95,1.93%,1.93%
02/11/2014,136.24,1.95%,1.95%
02/12/2014,135.9,1.96%,1.96%
2/13/2014,136.18,1.93%,1.93%
2/14/2014,136.34,1.93%,1.93%
2/17/2014,136.44,1.93%,1.93%
2/18/2014,136.57,1.92%,1.92%
2/19/2014,136.58,1.92%,1.92%
2/20/2014,136.18,1.92%,1.92%
2/21/2014,136.34,1.92%,1.92%
2/24/2014,136.51,1.93%,1.93%
2/25/2014,136.7,1.91%,1.91%
2/26/2014,136.46,1.89%,1.89%
2/27/2014,136.72,1.87%,1.87%
2/28/2014,137.3,1.91%,1.91%
03/03/2014,137.16,1.91%,1.91%
03/04/2014,137.04,1.91%,1.91%
03/05/2014,137.08,1.91%,1.91%
03/06/2014,137.49,1.94%,1.94%
03/07/2014,137.41,1.97%,1.97%
03/10/2014,137.62,1.95%,1.95%
03/11/2014,137.57,1.96%,1.96%
03/12/2014,137.88,1.94%,1.94%
3/13/2014,138.28,1.91%,1.91%
3/14/2014,138.25,1.91%,1.91%
3/17/2014,138.28,1.92%,1.92%
3/18/2014,138.34,1.92%,1.92%
3/19/2014,138.06,1.96%,1.96%
3/20/2014,137.06,1.99%,1.99%
3/21/2014,137.08,1.99%,1.99%
3/24/2014,137.25,1.98%,1.98%
3/25/2014,137.43,1.96%,1.96%
3/26/2014,137.61,1.94%,1.94%
3/27/2014,137.54,1.93%,1.93%
3/28/2014,137.46,1.95%,1.95%
3/31/2014,137.76,1.94%,1.94%
04/01/2014,137.82,1.91%,1.91%
04/02/2014,137.42,1.94%,1.94%
04/03/2014,137.07,1.92%,1.92%
04/04/2014,137.4,1.87%,1.87%
04/07/2014,137.74,1.86%,1.86%
04/08/2014,138.18,1.86%,1.86%
04/09/2014,138.2,1.87%,1.87%
04/10/2014,138.75,1.83%,1.83%
04/11/2014,138.82,1.82%,1.82%
4/14/2014,138.34,1.83%,1.83%
4/15/2014,138.42,1.81%,1.81%
4/16/2014,138.19,1.82%,1.82%
4/17/2014,138.15,1.85%,1.85%
4/18/2014,138.18,1.85%,1.85%
4/21/2014,138,1.84%,1.84%
4/22/2014,138,1.86%,1.86%
4/23/2014,138.17,1.85%,1.85%
4/24/2014,138.1,1.85%,1.85%
4/25/2014,138.26,1.84%,1.84%
4/28/2014,138.44,1.84%,1.84%
4/29/2014,138.38,1.83%,1.83%
4/30/2014,138.9,1.81%,1.81%
05/01/2014,139.03,1.91%,1.91%
05/02/2014,139.11,1.90%,1.90%
05/05/2014,139.03,1.91%,1.91%
05/06/2014,139.54,1.92%,1.92%
05/07/2014,139.51,1.91%,1.91%
05/08/2014,139.57,1.88%,1.88%
05/09/2014,138.84,1.89%,1.89%
05/12/2014,138.89,1.89%,1.89%
5/13/2014,138.96,1.86%,1.86%
5/14/2014,139.21,1.82%,1.82%
5/15/2014,139.4,1.80%,1.80%
5/16/2014,139.32,1.80%,1.80%
5/19/2014,139.29,1.81%,1.81%
5/20/2014,139.08,1.81%,1.81%
5/21/2014,138.82,1.82%,1.82%
5/22/2014,138.86,1.81%,1.81%
5/23/2014,138.67,1.81%,1.81%
5/26/2014,138.86,1.81%,1.81%
5/27/2014,138.73,1.80%,1.80%
5/28/2014,138.82,1.76%,1.76%
5/29/2014,138.96,1.77%,1.77%
5/30/2014,138.9,1.77%,1.77%
06/02/2014,138.52,1.84%,1.84%
06/03/2014,138.33,1.86%,1.86%
06/04/2014,138.31,1.86%,1.86%
06/05/2014,138.5,1.83%,1.83%
06/06/2014,139.11,1.81%,1.81%
06/09/2014,138.73,1.82%,1.82%
06/10/2014,138.28,1.85%,1.85%
06/11/2014,138.34,1.84%,1.84%
06/12/2014,138.66,1.82%,1.82%
6/13/2014,138.71,1.82%,1.82%
6/16/2014,139.01,1.82%,1.82%
6/17/2014,138.53,1.85%,1.85%
6/18/2014,138.74,1.83%,1.83%
6/19/2014,139.33,1.80%,1.80%
6/20/2014,138.85,1.82%,1.82%
6/23/2014,139.16,1.82%,1.82%
6/24/2014,139.17,1.81%,1.81%
6/25/2014,139.64,1.78%,1.78%
6/26/2014,139.51,1.76%,1.76%
6/27/2014,139.79,1.77%,1.77%
6/30/2014,140.28,1.77%,1.77%
07/01/2014,140.22,1.66%,1.66%
07/02/2014,139.86,1.67%,1.67%
07/03/2014,139.39,1.66%,1.66%
07/04/2014,139.35,1.64%,1.64%
07/07/2014,139.43,1.64%,1.64%
07/08/2014,139.77,1.61%,1.61%
07/09/2014,139.99,1.62%,1.62%
07/10/2014,139.93,1.60%,1.60%
07/11/2014,139.84,1.60%,1.60%
7/14/2014,139.97,1.60%,1.60%
7/15/2014,139.67,1.60%,1.60%
7/16/2014,139.47,1.60%,1.60%
7/17/2014,139.54,1.58%,1.58%
7/18/2014,139.43,1.61%,1.61%
7/21/2014,139.57,1.60%,1.60%
7/22/2014,139.34,1.63%,1.63%
7/23/2014,139.51,1.61%,1.61%
7/24/2014,139.34,1.60%,1.60%
7/25/2014,139.35,1.59%,1.59%
7/28/2014,139.31,1.59%,1.59%
7/29/2014,139.2,1.57%,1.57%
7/30/2014,138.58,1.60%,1.60%
7/31/2014,138.5,1.60%,1.60%
08/01/2014,139.05,1.58%,1.58%
08/04/2014,138.91,1.59%,1.58%
08/05/2014,138.56,1.60%,1.59%
08/06/2014,138.63,1.58%,1.58%
08/07/2014,138.79,1.59%,1.59%
08/08/2014,139.04,1.60%,1.59%
08/11/2014,139.03,1.60%,1.60%
08/12/2014,138.9,1.60%,1.60%
8/13/2014,139.2,1.58%,1.58%
8/14/2014,139.35,1.57%,1.57%
8/15/2014,139.55,1.55%,1.54%
8/18/2014,139.31,1.57%,1.57%
8/19/2014,139.1,1.57%,1.57%
8/20/2014,138.86,1.58%,1.57%
8/21/2014,138.81,1.58%,1.58%
8/22/2014,138.54,1.57%,1.57%
8/25/2014,138.28,1.57%,1.57%
8/26/2014,138.36,1.56%,1.56%
8/27/2014,138.57,1.56%,1.56%
8/28/2014,138.47,1.56%,1.55%
8/29/2014,138.54,1.55%,1.55%
09/01/2014,138.34,1.57%,1.56%
09/02/2014,137.86,1.60%,1.59%
09/03/2014,137.96,1.60%,1.59%
09/04/2014,137.17,1.59%,1.59%
09/05/2014,137.15,1.57%,1.57%
09/08/2014,136.97,1.58%,1.58%
09/09/2014,136.41,1.60%,1.60%
09/10/2014,136.42,1.60%,1.60%
09/11/2014,136.46,1.60%,1.60%
09/12/2014,136.04,1.63%,1.63%
9/15/2014,136.2,1.61%,1.61%
9/16/2014,136.22,1.61%,1.61%
9/17/2014,136.42,1.61%,1.61%
9/18/2014,136.12,1.63%,1.63%
9/19/2014,135.81,1.61%,1.60%
9/22/2014,135.77,1.59%,1.59%
9/23/2014,135.97,1.59%,1.59%
9/24/2014,135.56,1.60%,1.59%
9/25/2014,135.34,1.58%,1.57%
9/26/2014,134.79,1.59%,1.59%
9/29/2014,134.78,1.58%,1.58%
9/30/2014,134.62,1.58%,1.58%
10/01/2014,134.7,1.54%,1.54%
10/02/2014,134.97,1.55%,1.55%
10/03/2014,133.83,1.57%,1.57%
10/06/2014,134.5,1.56%,1.55%
10/07/2014,135.07,1.54%,1.54%
10/08/2014,135.26,1.54%,1.54%
10/09/2014,135.65,1.53%,1.52%
10/10/2014,135,1.53%,1.52%
10/13/2014,135.49,1.51%,1.51%
10/14/2014,135.57,1.48%,1.47%
10/15/2014,136.39,1.43%,1.42%
10/16/2014,136.06,1.48%,1.48%
10/17/2014,135.9,1.50%,1.49%
10/20/2014,136.02,1.49%,1.48%
10/21/2014,135.73,1.49%,1.49%
10/22/2014,135.38,1.49%,1.49%
10/23/2014,135.06,1.53%,1.52%
10/24/2014,135.29,1.51%,1.50%
10/27/2014,135.46,1.50%,1.50%
10/28/2014,135.73,1.50%,1.49%
10/29/2014,135.83,1.51%,1.51%
10/30/2014,135.19,1.50%,1.49%
10/31/2014,134.56,1.49%,1.49%
11/03/2014,134.16,1.69%,1.68%
11/04/2014,134.68,1.67%,1.66%
11/05/2014,134.16,1.68%,1.68%
11/06/2014,133.77,1.69%,1.69%
11/07/2014,133.85,1.66%,1.66%
11/10/2014,133.96,1.68%,1.68%
11/11/2014,133.88,1.68%,1.68%
11/12/2014,134.25,1.67%,1.67%
11/13/2014,134.1,1.69%,1.68%
11/14/2014,133.51,1.82%,1.82%
11/17/2014,133.69,1.70%,1.69%
11/18/2014,134.28,1.69%,1.69%
11/19/2014,134.06,1.72%,1.72%
11/20/2014,134.27,1.70%,1.70%
11/21/2014,133.88,1.69%,1.68%
11/24/2014,133.95,1.69%,1.69%
11/25/2014,134.35,1.67%,1.66%
11/26/2014,134.73,1.66%,1.66%
11/27/2014,134.46,1.65%,1.65%
11/28/2014,134.29,1.65%,1.65%
12/01/2014,134.17,1.66%,1.66%
12/02/2014,133.47,1.70%,1.69%
12/03/2014,133.1,1.70%,1.69%
12/04/2014,133.78,1.91%,1.91%
12/05/2014,132.75,1.94%,1.94%
12/08/2014,132.95,1.92%,1.91%
12/09/2014,133.81,1.67%,1.66%
12/10/2014,133.74,1.65%,1.65%
12/11/2014,133.43,1.66%,1.66%
12/12/2014,134.09,1.62%,1.61%
12/15/2014,133.58,1.64%,1.63%
12/16/2014,134.11,1.63%,1.62%
12/17/2014,133.37,1.64%,1.64%
12/18/2014,132.78,1.65%,1.65%
12/19/2014,132.82,1.65%,1.65%
12/22/2014,132.69,1.65%,1.65%
12/23/2014,132.14,1.67%,1.66%
12/24/2014,132.15,1.68%,1.67%
12/25/2014,132.18,1.67%,1.67%
12/26/2014,132.16,1.67%,1.67%
12/29/2014,132.43,1.64%,1.63%
12/30/2014,132.6,1.63%,1.62%
12/31/2014,132.31,1.61%,1.61%
01/02/2015,131.94,1.59%,1.58%
01/05/2015,131.47,1.58%,1.57%
01/06/2015,131.73,1.54%,1.53%
01/07/2015,130.97,1.54%,1.53%
01/08/2015,130.87,1.54%,1.54%
01/09/2015,131.4,1.51%,1.50%
01/12/2015,131.27,1.50%,1.50%
1/13/2015,131.2,1.62%,1.61%
1/14/2015,131.49,1.63%,1.62%
1/15/2015,130.87,1.59%,1.58%
1/16/2015,130.39,1.62%,1.61%
1/19/2015,131.19,1.54%,1.53%
1/20/2015,130.66,1.43%,1.42%
1/21/2015,130.43,1.45%,1.45%
1/22/2015,129.75,1.44%,1.43%
1/23/2015,129.18,1.39%,1.38%
1/26/2015,128.95,1.41%,1.41%
1/27/2015,129.88,1.40%,1.40%
1/28/2015,129.74,1.37%,1.37%
1/29/2015,129.47,1.38%,1.37%
1/30/2015,129.36,1.34%,1.34%
02/02/2015,129.64,1.39%,1.37%
02/03/2015,130.03,1.41%,1.39%
02/04/2015,129.91,1.41%,1.39%
02/05/2015,129.99,1.42%,1.40%
02/06/2015,129.17,1.46%,1.44%
02/09/2015,129.15,1.46%,1.45%
02/10/2015,128.98,1.47%,1.46%
02/11/2015,128.72,1.47%,1.45%
02/12/2015,129.32,1.44%,1.43%
2/13/2015,129.5,1.45%,1.44%
2/16/2015,129.54,1.45%,1.43%
2/17/2015,129.27,1.49%,1.47%
2/18/2015,129.2,1.46%,1.44%
2/19/2015,129.27,1.46%,1.45%
2/20/2015,129.22,1.46%,1.44%
2/23/2015,129.23,1.44%,1.43%
2/24/2015,129.33,1.42%,1.41%
2/25/2015,129.76,1.41%,1.39%
2/26/2015,128.96,1.41%,1.40%
2/27/2015,129.02,1.42%,1.40%
03/02/2015,128.69,1.44%,1.43%
03/03/2015,128.6,1.45%,1.44%
03/04/2015,127.8,1.47%,1.45%
03/05/2015,127.71,1.45%,1.44%
03/06/2015,126.26,1.50%,1.49%
03/09/2015,126.42,1.47%,1.46%
03/10/2015,125.94,1.44%,1.43%
03/11/2015,125.25,1.43%,1.42%
03/12/2015,125.46,1.44%,1.42%
3/13/2015,124.75,1.45%,1.43%
3/16/2015,125.08,1.45%,1.44%
3/17/2015,125.2,1.45%,1.43%
3/18/2015,125.71,1.39%,1.38%
3/19/2015,125.68,1.40%,1.38%
3/20/2015,126.87,1.38%,1.36%
3/23/2015,127.65,1.39%,1.37%
3/24/2015,127.54,1.39%,1.38%
3/25/2015,127.86,1.41%,1.39%
3/26/2015,127.29,1.42%,1.41%
3/27/2015,127.19,1.40%,1.38%
3/30/2015,126.74,1.40%,1.39%
3/31/2015,126.47,1.39%,1.37%
04/01/2015,126.69,1.47%,1.46%
04/02/2015,127.26,1.48%,1.47%
04/03/2015,127.36,1.46%,1.44%
04/06/2015,128.38,1.47%,1.45%
04/07/2015,127.37,1.46%,1.45%
04/08/2015,127.06,1.46%,1.45%
04/09/2015,126.28,1.47%,1.45%
04/10/2015,125.94,1.48%,1.46%
4/13/2015,125.68,1.47%,1.45%
4/14/2015,126.64,1.45%,1.43%
4/15/2015,126.29,1.44%,1.42%
4/16/2015,127.1,1.44%,1.42%
4/17/2015,127.5,1.44%,1.42%
4/20/2015,127.26,1.45%,1.43%
4/21/2015,127.06,1.46%,1.44%
4/22/2015,126.66,1.49%,1.48%
4/23/2015,127.19,1.49%,1.48%
4/24/2015,127.64,1.49%,1.47%
4/27/2015,127.86,1.49%,1.47%
4/28/2015,128.46,1.50%,1.48%
4/29/2015,129.25,1.53%,1.52%
4/30/2015,128.96,1.56%,1.55%
05/01/2015,128.79,1.59%,1.58%
05/04/2015,128.19,1.62%,1.61%
05/05/2015,128.24,1.65%,1.64%
05/06/2015,128.94,1.69%,1.68%
05/07/2015,128.33,1.68%,1.66%
05/08/2015,128.46,1.65%,1.64%
05/11/2015,127.75,1.70%,1.69%
05/12/2015,128.12,1.72%,1.71%
5/13/2015,128.76,1.72%,1.71%
5/14/2015,129.06,1.70%,1.69%
5/15/2015,129.73,1.66%,1.64%
5/18/2015,129.06,1.68%,1.67%
5/19/2015,127.51,1.69%,1.68%
5/20/2015,127.39,1.69%,1.68%
5/21/2015,127.64,1.68%,1.67%
5/22/2015,126.97,1.69%,1.68%
5/25/2015,127.02,1.69%,1.68%
5/26/2015,126.43,1.65%,1.64%
5/27/2015,126.15,1.66%,1.65%
5/28/2015,126.43,1.64%,1.63%
5/29/2015,126.81,1.62%,1.61%
06/01/2015,126.08,1.71%,1.70%
06/02/2015,126.98,1.76%,1.75%
06/03/2015,127.16,1.83%,1.82%
06/04/2015,127.4,1.81%,1.80%
06/05/2015,126.07,1.84%,1.83%
06/08/2015,126.59,1.85%,1.84%
06/09/2015,126.63,1.89%,1.87%
06/10/2015,126.96,1.90%,1.89%
06/11/2015,126.95,1.86%,1.85%
06/12/2015,127.3,1.86%,1.85%
6/15/2015,127.18,1.87%,1.86%
6/16/2015,127.18,1.86%,1.85%
6/17/2015,127.12,1.86%,1.85%
6/18/2015,128.06,1.88%,1.86%
6/19/2015,127.95,1.83%,1.82%
6/22/2015,127.92,1.88%,1.86%
6/23/2015,126.68,1.88%,1.86%
6/24/2015,126.76,1.86%,1.84%
6/25/2015,126.75,1.88%,1.86%
6/26/2015,126.08,1.91%,1.89%
6/29/2015,126.59,1.87%,1.85%
6/30/2015,126.54,1.86%,1.84%
07/01/2015,125.97,1.93%,1.91%
07/02/2015,125.87,1.92%,1.90%
07/03/2015,125.96,1.89%,1.87%
07/06/2015,125.95,1.88%,1.86%
07/07/2015,125.32,1.84%,1.82%
07/08/2015,125.99,1.85%,1.83%
07/09/2015,125.59,1.88%,1.86%
07/10/2015,125.85,1.94%,1.92%
7/13/2015,125.14,1.92%,1.90%
7/14/2015,125.19,1.92%,1.90%
7/15/2015,125.2,1.88%,1.86%
7/16/2015,124.92,1.88%,1.86%
7/17/2015,124.71,1.87%,1.85%
7/20/2015,124.77,1.88%,1.86%
7/21/2015,125.24,1.87%,1.85%
7/22/2015,124.99,1.87%,1.85%
7/23/2015,125.46,1.87%,1.85%
7/24/2015,125.29,1.88%,1.86%
7/27/2015,126.11,1.87%,1.85%
7/28/2015,125.62,1.88%,1.86%
7/29/2015,125.6,1.95%,1.81%
7/30/2015,125.06,1.95%,1.80%
7/31/2015,125.82,1.94%,1.79%
08/03/2015,125.24,2.07%,1.93%
08/04/2015,124.82,2.14%,1.99%
08/05/2015,123.93,2.12%,1.98%
08/06/2015,124.13,2.14%,1.99%
08/07/2015,124.4,2.12%,1.97%
08/10/2015,124.47,2.15%,2.01%
08/11/2015,125.01,2.11%,1.97%
08/12/2015,125.83,2.13%,1.99%
8/13/2015,125.3,2.15%,2.00%
8/14/2015,125.45,2.08%,1.93%
8/17/2015,125.33,2.11%,1.96%
8/18/2015,125.05,2.12%,1.97%
8/19/2015,125.19,2.12%,1.97%
8/20/2015,126.11,2.10%,1.95%
8/21/2015,126.69,2.11%,1.95%
8/24/2015,127.84,2.11%,1.95%
8/25/2015,126.4,2.13%,1.97%
8/26/2015,126.5,2.09%,1.93%
8/27/2015,125.56,2.13%,1.97%
8/28/2015,125.67,2.15%,1.98%
8/31/2015,125.33,2.16%,2.01%
09/01/2015,125.53,2.31%,2.15%
09/02/2015,125.31,2.32%,2.16%
09/03/2015,124.8,2.32%,2.16%
09/04/2015,124.65,2.37%,2.21%
09/07/2015,124.79,2.31%,2.15%
09/08/2015,124.99,2.31%,2.15%
09/09/2015,124.98,2.31%,2.15%
09/10/2015,125.17,2.33%,2.17%
09/11/2015,125.74,2.32%,2.15%
9/14/2015,125.89,2.32%,2.15%
9/15/2015,125.33,2.38%,2.22%
9/16/2015,125.51,2.37%,2.21%
9/17/2015,125.67,2.37%,2.20%
9/18/2015,126.53,2.34%,2.17%
9/21/2015,124.88,2.44%,2.28%
9/22/2015,124.58,2.36%,2.20%
9/23/2015,124.56,2.28%,2.12%
9/24/2015,125.61,2.24%,2.07%
9/25/2015,124.73,2.37%,2.20%
9/28/2015,124.9,2.37%,2.21%
9/29/2015,124.74,2.40%,2.23%
9/30/2015,124.5,2.35%,2.18%
10/01/2015,125.06,2.30%,2.13%
10/02/2015,125.66,2.27%,2.09%
10/05/2015,125.32,2.28%,2.12%
10/06/2015,125.77,2.27%,2.11%
10/07/2015,125.83,2.27%,2.11%
10/08/2015,126.03,2.29%,2.12%
10/09/2015,126.56,2.30%,2.13%
10/12/2015,126.87,2.29%,2.11%
10/13/2015,126.84,2.28%,2.11%
10/14/2015,127.32,2.28%,2.11%
10/15/2015,126.99,2.27%,2.09%
10/16/2015,126.93,2.29%,2.09%
10/19/2015,126.45,2.27%,2.08%
10/20/2015,126.4,2.32%,2.13%
10/21/2015,126.65,2.26%,2.07%
10/22/2015,125.78,2.25%,2.07%
10/23/2015,124.91,2.28%,2.10%
10/26/2015,125.28,2.20%,2.03%
10/27/2015,125.35,2.21%,2.04%
10/28/2015,125.44,2.22%,2.05%
10/29/2015,124.47,2.27%,2.09%
10/30/2015,125.12,2.27%,2.09%
11/02/2015,124.9,2.26%,2.11%
11/03/2015,124.42,2.27%,2.11%
11/04/2015,123.85,2.28%,2.12%
11/05/2015,123.81,2.29%,2.13%
11/06/2015,122.67,2.33%,2.17%
11/09/2015,122.91,2.30%,2.14%
11/10/2015,122.87,2.27%,2.12%
11/11/2015,123.1,2.30%,2.14%
11/12/2015,123.19,2.33%,2.17%
11/13/2015,123.08,2.32%,2.16%
11/16/2015,122.96,2.33%,2.17%
11/17/2015,122.5,2.32%,2.17%
11/18/2015,122.53,2.30%,2.15%
11/19/2015,123.02,2.34%,2.19%
11/20/2015,122.57,2.34%,2.18%
11/23/2015,122.3,2.31%,2.16%
11/24/2015,122.35,2.34%,2.20%
11/25/2015,121.85,2.57%,2.42%
11/26/2015,122.01,2.27%,2.11%
11/27/2015,121.88,2.26%,2.10%
11/30/2015,121.78,2.26%,2.12%
12/01/2015,122.34,2.20%,2.07%
12/02/2015,122.16,2.20%,2.07%
12/03/2015,122.83,2.30%,2.16%
12/04/2015,123.15,2.32%,2.17%
12/07/2015,123.1,2.28%,2.14%
12/08/2015,123.07,2.28%,2.14%
12/09/2015,123.78,2.25%,2.11%
12/10/2015,123.64,2.27%,2.12%
12/11/2015,124.12,2.24%,2.09%
12/14/2015,123.91,2.28%,2.13%
12/15/2015,123.13,2.32%,2.17%
12/16/2015,123.11,2.30%,2.16%
12/17/2015,122.73,2.30%,2.15%
12/18/2015,123.04,2.26%,2.11%
12/21/2015,123.34,2.28%,2.14%
12/22/2015,123.46,2.31%,2.15%
12/23/2015,123.01,2.31%,2.16%
12/24/2015,123.47,2.32%,2.17%
12/28/2015,123.73,2.30%,2.14%
12/29/2015,123.17,2.36%,2.19%
12/30/2015,123.11,2.36%,2.20%
12/31/2015,122.91,2.35%,2.19%
01/04/2016,122.76,2.36%,2.20%
01/05/2016,122.4,2.34%,2.18%
01/06/2016,122.68,2.32%,2.16%
01/07/2016,123,2.32%,2.15%
01/08/2016,123.35,2.30%,2.13%
01/11/2016,123.08,2.28%,2.12%
01/12/2016,123,2.29%,2.12%
1/13/2016,123.26,2.29%,2.13%
1/14/2016,122.99,2.31%,2.14%
1/15/2016,123.57,2.30%,2.12%
1/18/2016,123.14,2.29%,2.12%
1/19/2016,123.24,2.31%,2.13%
1/20/2016,123.27,2.29%,2.11%
1/21/2016,123.07,2.27%,2.10%
1/22/2016,123.14,2.29%,2.12%
1/25/2016,123.2,2.27%,2.11%
1/26/2016,123.48,2.26%,2.10%
1/27/2016,123.62,2.26%,2.10%
1/28/2016,124.16,2.25%,2.08%
1/29/2016,123.98,2.17%,2.00%
02/01/2016,124.3,2.25%,2.09%
02/02/2016,124.42,2.21%,2.05%
02/03/2016,125.39,2.20%,2.05%
02/04/2016,126.06,2.21%,2.05%
02/05/2016,125.8,2.19%,2.02%
02/08/2016,125.98,2.17%,2.01%
02/09/2016,126.79,2.18%,2.02%
02/10/2016,126.13,2.19%,2.04%
02/11/2016,126.98,2.17%,2.01%
02/12/2016,126.14,2.18%,2.04%
2/15/2016,125.77,2.17%,2.02%
2/16/2016,125.51,2.20%,2.05%
2/17/2016,125.56,2.19%,2.05%
2/18/2016,125.69,2.17%,2.02%
2/19/2016,125.61,2.18%,2.04%
2/22/2016,125.43,2.17%,2.02%
2/23/2016,125.36,2.19%,2.04%
2/24/2016,125.35,2.17%,2.02%
2/25/2016,125.61,2.17%,2.02%
2/26/2016,124.83,2.20%,2.05%
2/29/2016,124.68,2.19%,2.04%
03/01/2016,124.43,2.25%,2.10%
03/02/2016,124.22,2.28%,2.13%
03/03/2016,125.04,2.23%,2.09%
03/04/2016,125.26,2.26%,2.12%
03/07/2016,125.25,2.26%,2.11%
03/08/2016,125.87,2.22%,2.07%
03/09/2016,125.64,2.25%,2.11%
03/10/2016,126.08,2.27%,2.13%
03/11/2016,126.37,2.28%,2.14%
3/14/2016,126.22,2.27%,2.13%
3/15/2016,126.15,2.27%,2.13%
3/16/2016,126.01,2.27%,2.12%
3/17/2016,127.79,2.25%,2.11%
3/18/2016,127.78,2.23%,2.08%
3/21/2016,127.54,2.21%,2.06%
3/22/2016,127.24,2.22%,2.08%
3/23/2016,126.94,2.21%,2.06%
3/24/2016,126.78,2.21%,2.06%
3/25/2016,126.79,2.20%,2.05%
3/28/2016,127.18,2.19%,2.04%
3/29/2016,127.35,2.16%,2.01%
3/30/2016,128.61,2.13%,1.98%
3/31/2016,129,2.11%,1.95%
04/01/2016,128.75,2.10%,1.95%
04/04/2016,129.06,2.04%,1.89%
04/05/2016,129.1,2.01%,1.86%
04/06/2016,129.04,2.03%,1.88%
04/07/2016,129.3,2.00%,1.84%
04/08/2016,129.45,2.02%,1.86%
04/11/2016,129.71,2.02%,1.87%
04/12/2016,129.28,2.04%,1.89%
4/13/2016,129.04,2.03%,1.87%
4/14/2016,128.84,2.06%,1.89%
4/15/2016,129.2,1.95%,1.86%
4/18/2016,129.31,1.96%,1.87%
4/19/2016,129.72,1.97%,1.88%
4/20/2016,129.52,1.97%,1.88%
4/21/2016,129.01,2.07%,1.91%
4/22/2016,128.79,2.07%,1.92%
4/25/2016,128.87,2.07%,1.93%
4/26/2016,128.96,2.09%,1.94%
4/27/2016,129.09,2.07%,1.92%
4/28/2016,129.34,2.04%,1.89%
4/29/2016,130.08,2.04%,1.89%
05/02/2016,130.34,2.05%,1.90%
05/03/2016,130.51,2.01%,1.85%
05/04/2016,130.27,2.01%,1.85%
05/05/2016,130,1.99%,1.83%
05/06/2016,129.95,2.00%,1.84%
05/09/2016,129.88,1.98%,1.82%
05/10/2016,129.9,2.01%,1.86%
05/11/2016,130.19,1.96%,1.81%
05/12/2016,129.89,1.99%,1.84%
5/13/2016,129.36,1.96%,1.81%
5/16/2016,129.45,1.97%,1.82%
5/17/2016,129.51,2.00%,1.85%
5/18/2016,128.89,2.02%,1.87%
5/19/2016,128.41,2.03%,1.87%
5/20/2016,128.47,2.04%,1.89%
5/23/2016,128.37,2.03%,1.88%
5/24/2016,128.21,2.05%,1.89%
5/25/2016,128.28,2.03%,1.87%
5/26/2016,128.68,2.02%,1.86%
5/27/2016,128.39,2.02%,1.86%
5/30/2016,128.32,2.02%,1.87%
5/31/2016,128.38,2.01%,1.86%
06/01/2016,128.58,1.97%,1.81%
06/02/2016,128.64,1.95%,1.79%
06/03/2016,130.02,1.90%,1.74%
06/06/2016,130.2,1.90%,1.73%
06/07/2016,130.34,1.90%,1.73%
06/08/2016,130.62,1.88%,1.72%
06/09/2016,130.4,1.87%,1.69%
06/10/2016,130.27,1.86%,1.69%
6/13/2016,130.37,1.84%,1.68%
6/14/2016,129.87,1.83%,1.67%
6/15/2016,130.08,1.83%,1.68%
6/16/2016,129.59,1.82%,1.66%
6/17/2016,130.12,1.84%,1.68%
6/20/2016,130.57,1.85%,1.69%
6/21/2016,130.21,1.86%,1.70%
6/22/2016,130.26,1.88%,1.71%
6/23/2016,130.55,1.89%,1.73%
6/24/2016,129.39,1.87%,1.71%
6/27/2016,128.77,1.81%,1.64%
6/28/2016,129.38,1.80%,1.64%
6/29/2016,129.92,1.77%,1.61%
6/30/2016,129.9,1.78%,1.61%
07/01/2016,130.37,1.71%,1.54%
07/04/2016,130.57,1.70%,1.53%
07/05/2016,130.65,1.67%,1.50%
07/06/2016,130.39,1.66%,1.49%
07/07/2016,130.45,1.67%,1.50%
07/08/2016,130.38,1.66%,1.49%
07/11/2016,130.4,1.67%,1.50%
07/12/2016,130.35,1.70%,1.54%
7/13/2016,130.78,1.68%,1.52%
7/14/2016,130.61,1.70%,1.54%
7/15/2016,130.16,1.72%,1.56%
7/18/2016,130.23,1.71%,1.55%
7/19/2016,129.97,1.70%,1.54%
7/20/2016,129.94,1.70%,1.54%
7/21/2016,129.93,1.70%,1.55%
7/22/2016,129.8,1.69%,1.54%
7/25/2016,129.85,1.69%,1.54%
7/26/2016,129.91,1.69%,1.54%
7/27/2016,130.13,1.67%,1.52%
7/28/2016,130.72,1.66%,1.51%
7/29/2016,131.57,1.64%,1.48%
08/01/2016,131.34,1.64%,1.50%
08/02/2016,131.48,1.65%,1.52%
08/03/2016,131.19,1.66%,1.53%
08/04/2016,131.34,1.63%,1.49%
08/05/2016,130.69,1.66%,1.52%
08/08/2016,130.75,1.66%,1.52%
08/09/2016,131.15,1.65%,1.51%
08/10/2016,131.71,1.62%,1.48%
08/11/2016,131.62,1.65%,1.51%
08/12/2016,131.8,1.64%,1.49%
8/15/2016,131.77,1.66%,1.52%
8/16/2016,132,1.66%,1.51%
8/17/2016,132.1,1.66%,1.52%
8/18/2016,132.63,1.66%,1.51%
8/19/2016,132.36,1.67%,1.52%
8/22/2016,132.62,1.64%,1.50%
8/23/2016,132.63,1.64%,1.50%
8/24/2016,132.2,1.65%,1.51%
8/25/2016,132.29,1.66%,1.52%
8/26/2016,132.2,1.69%,1.54%
8/29/2016,131.63,1.66%,1.51%
8/30/2016,131.53,1.67%,1.52%
8/31/2016,131.44,1.67%,1.53%
09/01/2016,131.71,1.67%,1.51%
09/02/2016,131.48,1.68%,1.52%
09/05/2016,131.43,1.68%,1.53%
09/06/2016,132.32,1.65%,1.49%
09/07/2016,132.41,1.63%,1.48%
09/08/2016,132.27,1.67%,1.52%
09/09/2016,131.47,1.72%,1.56%
09/12/2016,131.39,1.74%,1.59%
9/13/2016,131.19,1.77%,1.62%
9/14/2016,131.45,1.73%,1.58%
9/15/2016,131.36,1.75%,1.60%
9/16/2016,130.96,1.74%,1.59%
9/19/2016,131.11,1.76%,1.61%
9/20/2016,131.13,1.74%,1.60%
9/21/2016,130.98,1.74%,1.60%
9/22/2016,131.9,1.71%,1.56%
9/23/2016,131.77,1.70%,1.55%
9/26/2016,132.19,1.68%,1.54%
9/27/2016,131.94,1.67%,1.52%
9/28/2016,131.91,1.67%,1.53%
9/29/2016,132.13,1.68%,1.53%
9/30/2016,132.01,1.71%,1.56%
10/03/2016,131.83,1.71%,1.56%
10/04/2016,131.28,1.70%,1.56%
10/05/2016,131.21,1.72%,1.58%
10/06/2016,130.86,1.75%,1.60%
10/07/2016,130.78,1.75%,1.60%
10/10/2016,130.6,1.75%,1.61%
10/11/2016,129.93,1.76%,1.62%
10/12/2016,129.61,1.76%,1.62%
10/13/2016,129.83,1.77%,1.62%
10/14/2016,129.59,1.77%,1.63%
10/17/2016,129.59,1.77%,1.62%
10/18/2016,129.69,1.76%,1.61%
10/19/2016,129.72,1.77%,1.62%
10/20/2016,129.52,1.77%,1.61%
10/21/2016,129.22,1.76%,1.61%
10/24/2016,129.23,1.77%,1.63%
10/25/2016,129.07,1.77%,1.63%
10/26/2016,129.18,1.80%,1.66%
10/27/2016,128.74,1.84%,1.69%
10/28/2016,128.82,1.83%,1.69%
10/31/2016,129.08,1.82%,1.68%
11/01/2016,129.45,1.83%,1.70%
11/02/2016,130.09,1.80%,1.67%
11/03/2016,129.88,1.82%,1.68%
11/04/2016,130.15,1.80%,1.67%
11/07/2016,129.58,1.81%,1.67%
11/08/2016,129.55,1.83%,1.70%
11/09/2016,128.38,1.90%,1.78%
11/10/2016,127.55,1.95%,1.82%
11/11/2016,127.32,1.97%,1.84%
11/14/2016,125.94,2.06%,1.94%
11/15/2016,126.02,2.04%,1.93%
11/16/2016,125.7,2.05%,1.93%
11/17/2016,125.59,2.07%,1.95%
11/18/2016,124.83,2.09%,1.97%
11/21/2016,125.1,2.10%,1.98%
11/22/2016,125.06,2.08%,1.96%
11/23/2016,124.54,2.11%,1.99%
11/24/2016,124.73,2.11%,2.00%
11/25/2016,124.94,2.11%,2.00%
11/28/2016,125.01,2.08%,1.97%
11/29/2016,125.23,2.09%,1.98%
11/30/2016,124.81,2.11%,2.01%
12/01/2016,124.42,2.17%,2.07%
12/02/2016,125.06,2.13%,2.03%
12/05/2016,125.35,2.13%,2.03%
12/06/2016,125.38,2.13%,2.03%
12/07/2016,125.87,2.10%,2.00%
12/08/2016,125,2.12%,2.01%
12/09/2016,124.55,2.14%,2.03%
12/12/2016,124.79,2.16%,2.04%
12/13/2016,125.06,2.15%,2.04%
12/14/2016,125.19,2.15%,2.04%
12/15/2016,123.47,2.19%,2.08%
12/16/2016,123.47,2.20%,2.09%
12/19/2016,123.87,2.17%,2.07%
12/20/2016,123.54,2.18%,2.07%
12/21/2016,123.95,2.18%,2.07%
12/22/2016,124.04,2.17%,2.06%
12/23/2016,124.15,2.17%,2.05%
12/26/2016,124.15,2.17%,2.05%
12/27/2016,124.12,2.17%,2.06%
12/28/2016,124,2.15%,2.04%
12/29/2016,124.69,2.13%,2.01%
12/30/2016,125.1,2.12%,2.00%
01/02/2017,125.1,2.07%,1.96%
01/03/2017,124.1,2.09%,1.98%
01/04/2017,124.59,2.11%,2.00%
01/05/2017,125.58,2.07%,1.96%
01/06/2017,125.2,2.10%,1.99%
01/09/2017,125.16,2.08%,1.97%
01/10/2017,125.41,2.08%,1.97%
01/11/2017,124.88,2.06%,1.96%
01/12/2017,126.07,2.07%,1.95%
1/13/2017,125.79,2.07%,1.96%
1/16/2017,125.67,2.07%,1.96%
1/17/2017,126.43,2.05%,1.94%
1/18/2017,126.24,2.07%,1.96%
1/19/2017,125.43,2.12%,2.00%
1/20/2017,125.65,2.13%,2.02%
1/23/2017,126.41,2.08%,1.97%
1/24/2017,126.32,2.10%,2.00%
1/25/2017,126.06,2.13%,2.02%
1/26/2017,125.61,2.14%,2.04%
1/27/2017,125.89,2.13%,2.03%
1/30/2017,125.84,2.13%,2.03%
1/31/2017,126.57,2.11%,2.02%
02/01/2017,126.17,2.08%,2.00%
02/02/2017,126.69,2.07%,1.97%
02/03/2017,126.57,2.06%,1.97%
02/06/2017,126.32,2.04%,1.95%
02/07/2017,126.14,2.03%,1.94%
02/08/2017,126.6,2.01%,1.91%
02/09/2017,126.27,2.02%,1.93%
02/10/2017,125.9,2.03%,1.94%
2/13/2017,125.75,2.04%,1.96%
2/14/2017,125.36,2.06%,1.97%
2/15/2017,125.35,2.08%,1.99%
2/16/2017,126.16,2.05%,1.96%
2/17/2017,126.03,2.03%,1.94%
2/20/2017,126.02,2.03%,1.94%
2/21/2017,125.53,2.03%,1.94%
2/22/2017,125.76,2.01%,1.92%
2/23/2017,126.33,1.99%,1.90%
2/24/2017,126.55,1.92%,1.82%
2/27/2017,126.69,1.96%,1.87%
2/28/2017,126.75,1.95%,1.86%
03/01/2017,125.9,2.02%,1.93%
03/02/2017,125.55,2.08%,1.99%
03/03/2017,125.57,2.06%,1.98%
03/06/2017,125.82,2.05%,1.97%
03/07/2017,125.76,2.05%,1.96%
03/08/2017,125.28,2.09%,2.01%
03/09/2017,125,2.13%,2.05%
03/10/2017,125.34,2.17%,2.07%
3/13/2017,125.49,2.18%,2.08%
3/14/2017,125.46,2.20%,2.10%
3/15/2017,125.74,2.14%,2.04%
3/16/2017,126.3,2.16%,2.06%
3/17/2017,126.4,2.14%,2.04%
3/20/2017,126.54,2.14%,2.05%
3/21/2017,127,2.10%,2.01%
3/22/2017,127.21,2.10%,2.01%
3/23/2017,127.09,2.08%,1.99%
3/24/2017,127.31,2.17%,2.08%
3/27/2017,127.88,2.14%,2.05%
3/28/2017,127.78,2.08%,1.98%
3/29/2017,127.25,2.01%,1.92%
3/30/2017,127.15,2.01%,1.92%
3/31/2017,126.93,2.01%,1.92%
04/03/2017,126.88,2.00%,1.90%
04/04/2017,126.95,1.99%,1.90%
04/05/2017,127.04,1.98%,1.89%
04/06/2017,127.06,1.98%,1.89%
04/07/2017,126.84,1.98%,1.89%
04/10/2017,126.78,1.98%,1.89%
04/11/2017,127.05,1.97%,1.87%
04/12/2017,127.17,1.96%,1.87%
4/13/2017,127.44,1.91%,1.84%
4/14/2017,127.44,1.91%,1.84%
4/17/2017,127.7,1.91%,1.84%
4/18/2017,128.09,1.89%,1.82%
4/19/2017,128.07,1.90%,1.83%
4/20/2017,128.2,1.93%,1.86%
4/21/2017,127.7,1.95%,1.86%
4/24/2017,128.66,1.97%,1.88%
4/25/2017,128.7,1.99%,1.90%
4/26/2017,128.52,1.98%,1.88%
4/27/2017,128.65,1.91%,1.86%
4/28/2017,128.79,1.91%,1.86%
05/01/2017,128.9,1.93%,1.87%
05/02/2017,128.91,1.91%,1.85%
05/03/2017,128.94,1.91%,1.85%
05/04/2017,128.9,1.94%,1.88%
05/05/2017,129.07,1.95%,1.89%
05/08/2017,128.74,1.95%,1.89%
05/09/2017,128.38,1.96%,1.90%
05/10/2017,128.36,1.96%,1.90%
05/11/2017,128.34,1.96%,1.89%
05/12/2017,128.94,1.92%,1.86%
5/15/2017,129.16,1.93%,1.87%
5/16/2017,129.7,1.93%,1.87%
5/17/2017,130.57,1.88%,1.81%
5/18/2017,130.44,1.89%,1.81%
5/19/2017,130.78,1.89%,1.82%
5/22/2017,131,1.90%,1.82%
5/23/2017,130.88,1.90%,1.83%
5/24/2017,130.69,1.90%,1.82%
5/25/2017,131.05,1.88%,1.81%
5/26/2017,130.99,1.87%,1.79%
5/29/2017,131.03,1.87%,1.79%
5/30/2017,131.17,1.85%,1.77%
5/31/2017,131.62,1.85%,1.77%
06/01/2017,131.45,1.86%,1.77%
06/02/2017,131.98,1.84%,1.75%
06/05/2017,131.84,1.84%,1.76%
06/06/2017,132.14,1.82%,1.73%
06/07/2017,132.08,1.83%,1.74%
06/08/2017,131.87,1.84%,1.74%
06/09/2017,131.61,1.84%,1.74%
06/12/2017,131.76,1.84%,1.77%
6/13/2017,131.82,1.84%,1.78%
6/14/2017,132.6,1.81%,1.75%
6/15/2017,131.54,1.84%,1.78%
6/16/2017,131.92,1.84%,1.77%
6/19/2017,131.71,1.84%,1.78%
6/20/2017,131.56,1.83%,1.76%
6/21/2017,131.66,1.83%,1.77%
6/22/2017,131.79,1.83%,1.76%
6/23/2017,131.98,1.83%,1.77%
6/26/2017,132.13,1.82%,1.76%
6/27/2017,132.06,1.88%,1.81%
6/28/2017,132.51,1.88%,1.82%
6/29/2017,132.54,1.92%,1.86%
6/30/2017,132.34,1.93%,1.87%
07/03/2017,132.01,1.94%,1.88%
07/04/2017,131.89,1.94%,1.88%
07/05/2017,131.82,1.94%,1.87%
07/06/2017,131.9,1.96%,1.90%
07/07/2017,131.82,1.97%,1.91%
07/10/2017,131.93,1.95%,1.89%
07/11/2017,132.1,1.95%,1.89%
07/12/2017,132.42,1.93%,1.87%
7/13/2017,132.38,1.94%,1.87%
7/14/2017,132.79,1.93%,1.87%
7/17/2017,133.07,1.92%,1.86%
7/18/2017,133.9,1.90%,1.84%
7/19/2017,133.74,1.88%,1.82%
7/20/2017,134.42,1.88%,1.82%
7/21/2017,134.67,1.86%,1.79%
7/24/2017,134.67,1.86%,1.80%
7/25/2017,134.41,1.90%,1.83%
7/26/2017,134.32,1.88%,1.82%
7/27/2017,134.59,1.89%,1.82%
7/28/2017,135.13,1.88%,1.82%
7/31/2017,135.42,1.88%,1.81%
08/01/2017,135.88,1.85%,1.79%
08/02/2017,136.13,1.85%,1.78%
08/03/2017,136.41,1.83%,1.76%
08/04/2017,135.53,1.84%,1.77%
08/07/2017,135.85,1.84%,1.77%
08/08/2017,135.43,1.85%,1.78%
08/09/2017,135.72,1.83%,1.76%
08/10/2017,135.9,1.82%,1.75%
08/11/2017,136.27,1.80%,1.74%
8/14/2017,136.1,1.82%,1.75%
8/15/2017,135.51,1.84%,1.77%
8/16/2017,135.45,1.83%,1.77%
8/17/2017,135.86,1.82%,1.75%
8/18/2017,135.91,1.82%,1.75%
8/21/2017,136.45,1.81%,1.74%
8/22/2017,136.03,1.82%,1.75%
8/23/2017,136.49,1.80%,1.73%
8/24/2017,136.43,1.80%,1.73%
8/25/2017,136.85,1.80%,1.73%
8/28/2017,137.39,1.80%,1.73%
8/29/2017,138.09,1.77%,1.70%
8/30/2017,137.37,1.77%,1.70%
8/31/2017,137.3,1.78%,1.71%
09/01/2017,137.14,1.84%,1.78%
09/04/2017,137.41,1.84%,1.77%
09/05/2017,137.81,1.81%,1.74%
09/06/2017,137.75,1.83%,1.76%
09/07/2017,138.42,1.81%,1.73%
09/08/2017,138.57,1.81%,1.73%
09/11/2017,138.13,1.82%,1.76%
09/12/2017,137.63,1.86%,1.79%
9/13/2017,137.37,1.86%,1.80%
9/14/2017,137.03,1.87%,1.81%
9/15/2017,137.56,1.89%,1.83%
9/18/2017,137.39,1.89%,1.83%
9/19/2017,137.49,1.89%,1.83%
9/20/2017,137.64,1.90%,1.83%
9/21/2017,137.06,1.91%,1.84%
9/22/2017,137.4,1.90%,1.84%
9/25/2017,137.05,1.88%,1.82%
9/26/2017,136.34,1.89%,1.82%
9/27/2017,135.76,1.93%,1.86%
9/28/2017,135.95,1.93%,1.87%
9/29/2017,136.25,1.93%,1.86%
10/02/2017,135.79,1.99%,1.93%
10/03/2017,135.93,1.99%,1.93%
10/04/2017,136.06,1.98%,1.92%
10/05/2017,135.77,1.98%,1.92%
10/06/2017,135.75,1.99%,1.93%
10/09/2017,135.9,1.99%,1.92%
10/10/2017,136.47,1.98%,1.92%
10/11/2017,136.54,1.99%,1.92%
10/12/2017,136.69,1.97%,1.91%
10/13/2017,136.96,1.95%,1.88%
10/16/2017,136.82,1.94%,1.88%
10/17/2017,136.58,1.93%,1.87%
10/18/2017,136.55,1.95%,1.88%
10/19/2017,137.01,1.94%,1.87%
10/20/2017,136.31,1.96%,1.90%
10/23/2017,136.15,1.96%,1.89%
10/24/2017,135.99,1.98%,1.91%
10/25/2017,136.12,1.99%,1.92%
10/26/2017,135.65,1.97%,1.91%
10/27/2017,135.1,1.96%,1.89%
10/30/2017,135.65,1.94%,1.88%
10/31/2017,135.85,1.94%,1.88%
11/01/2017,135.65,1.92%,1.86%
11/02/2017,136.02,1.91%,1.85%
11/03/2017,135.76,1.90%,1.84%
11/06/2017,135.79,1.89%,1.83%
11/07/2017,135.83,1.89%,1.82%
11/08/2017,135.91,1.89%,1.82%
11/09/2017,135.91,1.91%,1.84%
11/10/2017,135.79,1.94%,1.88%
11/13/2017,135.65,1.95%,1.89%
11/14/2017,136.17,1.95%,1.88%
11/15/2017,136.52,1.94%,1.88%
11/16/2017,136.37,1.94%,1.88%
11/17/2017,136.45,1.94%,1.88%
11/20/2017,136.31,1.94%,1.88%
11/21/2017,136.35,1.94%,1.88%
11/22/2017,136.81,1.94%,1.88%
11/23/2017,137.17,1.94%,1.88%
11/24/2017,137.55,1.95%,1.89%
11/27/2017,137.57,1.92%,1.86%
11/28/2017,137.22,1.92%,1.86%
11/29/2017,136.9,1.95%,1.89%
11/30/2017,137.32,1.96%,1.89%
12/01/2017,137.43,1.92%,1.86%
12/04/2017,137.18,1.94%,1.88%
12/05/2017,137.32,1.92%,1.86%
12/06/2017,137.26,1.91%,1.84%
12/07/2017,137.11,1.92%,1.85%
12/08/2017,136.8,1.92%,1.86%
12/11/2017,137.01,1.92%,1.86%
12/12/2017,136.55,1.94%,1.89%
12/13/2017,136.84,1.93%,1.87%
12/14/2017,137.06,1.93%,1.88%
12/15/2017,136.97,1.93%,1.88%
12/18/2017,137.19,1.95%,1.89%
12/19/2017,136.7,1.99%,1.93%
12/20/2017,136.95,2.01%,1.95%
12/21/2017,136.77,2.01%,1.96%
12/22/2017,136.69,2.02%,1.96%
12/26/2017,136.96,2.02%,1.96%
12/27/2017,137.36,2.00%,1.94%
12/28/2017,137.46,2.02%,1.95%
12/29/2017,137.99,2.01%,1.95%
01/02/2018,138.02,2.14%,2.08%
01/03/2018,138.09,2.13%,2.07%
01/04/2018,138.44,2.13%,2.07%
01/05/2018,138.24,2.13%,2.07%
01/08/2018,137.95,2.12%,2.06%
01/09/2018,137.44,2.14%,2.08%
01/10/2018,137.61,2.16%,2.10%
01/11/2018,137.82,2.17%,2.11%
01/12/2018,138.42,2.18%,2.12%
1/15/2018,139.24,2.18%,2.12%
1/16/2018,139.14,2.17%,2.11%
1/17/2018,139.21,2.17%,2.11%
1/18/2018,139.1,2.18%,2.12%
1/19/2018,138.99,2.19%,2.13%
1/22/2018,139.18,2.19%,2.13%
1/23/2018,139.5,2.18%,2.12%
1/24/2018,140.02,2.18%,2.13%
1/25/2018,140.76,2.19%,2.13%
1/26/2018,140.27,2.20%,2.15%
1/29/2018,139.55,2.23%,2.18%
1/30/2018,139.77,2.24%,2.19%
1/31/2018,140.15,2.24%,2.19%
02/01/2018,139.98,2.32%,2.26%
02/02/2018,139.53,2.33%,2.28%
02/05/2018,139.6,2.31%,2.27%
02/06/2018,139.19,2.31%,2.26%
02/07/2018,138.79,2.33%,2.28%
02/08/2018,138.42,2.33%,2.29%
02/09/2018,138.27,2.34%,2.29%
02/12/2018,138.27,2.35%,2.30%
2/13/2018,138.71,2.35%,2.30%
2/14/2018,138.81,2.37%,2.32%
2/15/2018,139.25,2.36%,2.32%
2/16/2018,139.38,2.34%,2.29%
2/19/2018,138.95,2.35%,2.30%
2/20/2018,138.58,2.35%,2.31%
2/21/2018,138.43,2.36%,2.32%
2/22/2018,138.42,2.36%,2.33%
2/23/2018,138.62,2.33%,2.30%
2/26/2018,138.71,2.33%,2.30%
2/27/2018,138.28,2.35%,2.32%
2/28/2018,138.05,2.34%,2.32%
03/01/2018,138.07,2.30%,2.27%
03/02/2018,138.62,2.31%,2.28%
03/05/2018,138.66,2.32%,2.29%
03/06/2018,139,2.33%,2.30%
03/07/2018,139.13,2.32%,2.29%
03/08/2018,138.82,2.31%,2.29%
03/09/2018,138.73,2.32%,2.30%
03/12/2018,138.88,2.32%,2.29%
3/13/2018,139.35,2.32%,2.29%
3/14/2018,139.3,2.30%,2.28%
3/15/2018,139.1,2.31%,2.29%
3/16/2018,138.8,2.32%,2.29%
3/19/2018,138.97,2.33%,2.30%
3/20/2018,138.52,2.34%,2.32%
3/21/2018,138.55,2.35%,2.33%
3/22/2018,138.98,2.33%,2.30%
3/23/2018,139.24,2.32%,2.29%
3/26/2018,139.81,2.32%,2.30%
3/27/2018,139.79,2.30%,2.27%
3/28/2018,139.45,2.31%,2.28%
3/29/2018,139.24,2.30%,2.36%
3/30/2018,139.25,2.30%,2.35%
04/02/2018,139.38,2.33%,2.38%
04/03/2018,139.12,2.34%,2.39%
04/04/2018,139.2,2.34%,2.39%
04/05/2018,138.69,2.35%,2.40%
04/06/2018,139.07,2.34%,2.39%
04/09/2018,139.36,2.33%,2.39%
04/10/2018,139.67,2.33%,2.38%
04/11/2018,139.96,2.33%,2.38%
04/12/2018,139.45,2.34%,2.38%
4/13/2018,139.57,2.33%,2.37%
4/16/2018,139.79,2.33%,2.37%
4/17/2018,139.83,2.32%,2.36%
4/18/2018,139.92,2.32%,2.36%
4/19/2018,139.59,2.33%,2.38%
4/20/2018,138.85,2.35%,2.40%
4/23/2018,138.28,2.37%,2.42%
4/24/2018,138.26,2.37%,2.42%
4/25/2018,137.78,2.38%,2.43%
4/26/2018,137.58,2.37%,2.42%
4/27/2018,137.55,2.36%,2.41%
4/30/2018,137.49,2.36%,2.41%
05/01/2018,136.8,2.36%,2.34%
05/02/2018,136.5,2.37%,2.34%
05/03/2018,136.69,2.35%,2.33%
05/04/2018,136.59,2.35%,2.33%
05/07/2018,136.55,2.35%,2.32%
05/08/2018,136.05,2.37%,2.33%
05/09/2018,136.08,2.38%,2.35%
05/10/2018,136.33,2.37%,2.35%
05/11/2018,136.85,2.37%,2.33%
5/14/2018,136.8,2.39%,2.36%
5/15/2018,135.79,2.42%,2.39%
5/16/2018,135.41,2.42%,2.40%
5/17/2018,135.3,2.44%,2.42%
5/18/2018,135.33,2.42%,2.40%
5/21/2018,135.28,2.42%,2.40%
5/22/2018,135.41,2.43%,2.40%
5/23/2018,135.05,2.41%,2.38%
5/24/2018,135.43,2.40%,2.37%
5/25/2018,135.28,2.37%,2.35%
5/28/2018,135.22,2.36%,2.33%
5/29/2018,134.98,2.35%,2.31%
5/30/2018,135.03,2.39%,2.36%
5/31/2018,135.43,2.38%,2.35%
06/01/2018,135.21,2.41%,2.38%
06/04/2018,135.39,2.42%,2.38%
06/05/2018,135.32,2.41%,2.37%
06/06/2018,135.53,2.46%,2.43%
06/07/2018,135.81,2.45%,2.43%
06/08/2018,135.45,2.45%,2.41%
06/11/2018,135.58,2.46%,2.43%
06/12/2018,135.54,2.46%,2.43%
6/13/2018,135.46,2.47%,2.44%
6/14/2018,135.11,2.44%,2.41%
6/15/2018,134.85,2.43%,2.40%
6/18/2018,134.85,2.42%,2.40%
6/19/2018,134.52,2.41%,2.37%
6/20/2018,134.5,2.42%,2.38%
6/21/2018,134.7,2.41%,2.38%
6/22/2018,134.9,2.41%,2.38%
6/25/2018,135.08,2.41%,2.38%
6/26/2018,134.82,2.41%,2.38%
6/27/2018,134.48,2.40%,2.37%
6/28/2018,134.22,2.41%,2.38%
6/29/2018,134.96,2.39%,2.36%
07/02/2018,134.54,2.38%,2.35%
07/03/2018,135.01,2.38%,2.34%
07/04/2018,135.03,2.38%,2.33%
07/05/2018,135.41,2.37%,2.34%
07/06/2018,135.8,2.35%,2.32%
07/09/2018,135.85,2.36%,2.32%
07/10/2018,135.58,2.37%,2.32%
07/11/2018,135.58,2.36%,2.32%
07/12/2018,135.31,2.36%,2.32%
7/13/2018,135.29,2.35%,2.31%
7/16/2018,135.51,2.36%,2.32%
7/17/2018,135.4,2.35%,2.31%
7/18/2018,135.1,2.35%,2.31%
7/19/2018,134.88,2.34%,2.30%
7/20/2018,135.22,2.35%,2.32%
7/23/2018,135.03,2.37%,2.33%
7/24/2018,135.13,2.36%,2.32%
7/25/2018,135.09,2.35%,2.31%
7/26/2018,134.98,2.36%,2.32%
7/27/2018,134.95,2.35%,2.31%
7/30/2018,135.23,2.36%,2.32%
7/31/2018,135.19,2.35%,2.31%
08/01/2018,134.89,2.32%,2.29%
08/02/2018,134.45,2.32%,2.29%
08/03/2018,134.45,2.31%,2.28%
08/06/2018,134.46,2.29%,2.26%
08/07/2018,134.58,2.30%,2.27%
08/08/2018,134.6,2.29%,2.26%
08/09/2018,134.53,2.28%,2.25%
08/10/2018,133.83,2.27%,2.24%
8/13/2018,133.63,2.29%,2.25%
8/14/2018,133.36,2.30%,2.26%
8/15/2018,133.06,2.28%,2.25%
8/16/2018,133.51,2.29%,2.26%
8/17/2018,133.64,2.29%,2.26%
8/20/2018,133.9,2.29%,2.25%
8/21/2018,134.33,2.30%,2.26%
8/22/2018,134.74,2.30%,2.27%
8/23/2018,134.52,2.29%,2.26%
8/24/2018,134.8,2.29%,2.26%
8/27/2018,135.02,2.30%,2.27%
8/28/2018,135.14,2.32%,2.28%
8/29/2018,134.84,2.33%,2.30%
8/30/2018,134.84,2.31%,2.28%
8/31/2018,134.77,2.30%,2.26%
09/03/2018,134.72,2.32%,2.27%
09/04/2018,134.16,2.33%,2.30%
09/05/2018,134.38,2.35%,2.32%
09/06/2018,134.54,2.33%,2.30%
09/07/2018,134.13,2.36%,2.33%
09/10/2018,134.21,2.36%,2.33%
09/11/2018,133.87,2.38%,2.35%
09/12/2018,134.29,2.38%,2.35%
9/13/2018,134.58,2.38%,2.35%
9/14/2018,134.41,2.38%,2.35%
9/17/2018,134.59,2.39%,2.36%
9/18/2018,134.51,2.40%,2.37%
9/19/2018,134.38,2.41%,2.38%
9/20/2018,134.91,2.41%,2.36%
9/21/2018,135.07,2.39%,2.36%
9/24/2018,135.05,2.41%,2.38%
9/25/2018,134.8,2.42%,2.40%
9/26/2018,134.74,2.41%,2.38%
9/27/2018,134.4,2.40%,2.38%
9/28/2018,134.23,2.40%,2.37%
10/01/2018,133.98,2.38%,2.35%
10/02/2018,133.96,2.37%,2.34%
10/03/2018,133.62,2.40%,2.37%
10/04/2018,133.17,2.43%,2.40%
10/05/2018,132.91,2.44%,2.42%
10/08/2018,132.7,2.44%,2.40%
10/09/2018,132.68,2.44%,2.42%
10/10/2018,132.97,2.44%,2.43%
10/11/2018,133.3,2.43%,2.40%
10/12/2018,133.38,2.42%,2.40%
10/15/2018,133.6,2.42%,2.40%
10/16/2018,133.72,2.41%,2.37%
10/17/2018,133.44,2.41%,2.38%
10/18/2018,133.17,2.41%,2.39%
10/19/2018,133.08,2.42%,2.40%
10/22/2018,132.91,2.42%,2.40%
10/23/2018,132.91,2.41%,2.38%
10/24/2018,132.76,2.39%,2.38%
10/25/2018,132.58,2.41%,2.39%
10/26/2018,132.7,2.39%,2.37%
10/29/2018,132.62,2.40%,2.38%
10/30/2018,132.38,2.41%,2.39%
10/31/2018,132.1,2.43%,2.41%
11/01/2018,132.48,2.42%,2.39%
11/02/2018,132.31,2.44%,2.40%
11/05/2018,132.44,2.44%,2.42%
11/06/2018,132.54,2.44%,2.42%
11/07/2018,132.89,2.44%,2.42%
11/08/2018,132.66,2.44%,2.42%
11/09/2018,132.32,2.42%,2.41%
11/12/2018,131.8,2.41%,2.38%
11/13/2018,131.93,2.43%,2.41%
11/14/2018,132.06,2.43%,2.41%
11/15/2018,132.26,2.42%,2.41%
11/16/2018,132.68,2.42%,2.40%
11/19/2018,132.97,2.42%,2.40%
11/20/2018,132.7,2.42%,2.41%
11/21/2018,132.53,2.43%,2.42%
11/22/2018,132.66,2.44%,2.40%
11/23/2018,132.44,2.42%,2.40%
11/26/2018,132.33,2.43%,2.42%
11/27/2018,132.06,2.43%,2.42%
11/28/2018,131.92,2.43%,2.42%
11/29/2018,132.79,2.42%,2.40%
11/30/2018,132.5,2.41%,2.40%
12/03/2018,133.05,2.42%,2.41%
12/04/2018,133.38,2.41%,2.40%
12/05/2018,133.15,2.42%,2.38%
12/06/2018,133.48,2.40%,2.38%
12/07/2018,133.49,2.40%,2.39%
12/10/2018,133.27,2.41%,2.39%
12/11/2018,132.96,2.42%,2.40%
12/12/2018,133.31,2.42%,2.40%
12/13/2018,133.25,2.42%,2.40%
12/14/2018,132.98,2.41%,2.40%
12/17/2018,133.29,2.40%,2.39%
12/18/2018,133.51,2.39%,2.38%
12/19/2018,133.94,2.38%,2.36%
12/20/2018,133.99,2.39%,2.37%
12/21/2018,133.87,2.39%,2.37%
12/24/2018,133.95,2.37%,2.35%
12/26/2018,133.81,2.38%,2.36%
12/27/2018,133.93,2.37%,2.34%
12/28/2018,134.23,2.36%,2.34%
12/31/2018,134.37,2.35%,2.33%
01/02/2019,134.15,2.29%,2.27%
01/03/2019,134.49,2.27%,2.25%
01/04/2019,134.41,2.31%,2.29%
01/07/2019,134.63,2.32%,2.30%
01/08/2019,134.39,2.33%,2.30%
01/09/2019,134.95,2.32%,2.30%
01/10/2019,135.2,2.31%,2.29%
01/11/2019,135.13,2.30%,2.28%
1/14/2019,135.13,2.30%,2.28%
1/15/2019,135.03,2.28%,2.26%
1/16/2019,134.78,2.29%,2.26%
1/17/2019,134.58,2.29%,2.27%
1/18/2019,134.51,2.30%,2.26%
1/21/2019,134.43,2.30%,2.26%
1/22/2019,134.5,2.29%,2.27%
1/23/2019,134.74,2.28%,2.26%
1/24/2019,134.82,2.26%,2.23%
1/25/2019,135.17,2.26%,2.22%
1/28/2019,135.4,2.26%,2.24%
1/29/2019,135.36,2.25%,2.23%
1/30/2019,135.58,2.24%,2.22%
1/31/2019,136.31,2.20%,2.17%
02/01/2019,136.05,2.18%,2.16%
02/04/2019,135.73,2.19%,2.16%
02/05/2019,135.75,2.18%,2.15%
02/06/2019,135.58,2.17%,2.14%
02/07/2019,135.6,2.15%,2.12%
02/08/2019,135.51,2.14%,2.11%
02/11/2019,135.03,2.14%,2.12%
02/12/2019,135.13,2.15%,2.13%
2/13/2019,135.14,2.15%,2.13%
2/14/2019,135.13,2.14%,2.11%
2/15/2019,135.11,2.13%,2.11%
2/18/2019,135.4,2.13%,2.09%
2/19/2019,135.67,2.11%,2.09%
2/20/2019,135.92,2.12%,2.09%
2/21/2019,135.73,2.12%,2.09%
2/22/2019,135.87,2.10%,2.07%
2/25/2019,135.96,2.12%,2.09%
2/26/2019,136.08,2.11%,2.08%
2/27/2019,136.18,2.12%,2.09%
2/28/2019,136.04,2.13%,2.10%
03/01/2019,135.92,2.13%,2.10%
03/04/2019,135.6,2.12%,2.09%
03/05/2019,135.53,2.12%,2.09%
03/06/2019,135.81,2.10%,2.07%
03/07/2019,135.59,2.06%,2.03%
03/08/2019,135.66,2.06%,2.03%
03/11/2019,135.63,2.06%,2.03%
03/12/2019,136.09,2.05%,2.02%
3/13/2019,136.38,2.05%,2.02%
3/14/2019,136.32,2.05%,2.02%
3/15/2019,136.65,2.03%,2.00%
3/18/2019,136.8,2.03%,2.00%
3/19/2019,136.84,2.03%,2.00%
3/20/2019,137.08,2.01%,1.98%
3/21/2019,137.41,1.99%,1.96%
3/22/2019,137.31,1.95%,1.92%
3/25/2019,137.77,1.94%,1.90%
3/26/2019,137.51,1.94%,1.90%
3/27/2019,137.59,1.90%,1.87%
3/28/2019,137.37,1.92%,1.88%
3/29/2019,137.34,1.92%,1.89%
04/01/2019,137.02,1.96%,1.91%
04/02/2019,136.85,1.95%,1.90%
04/03/2019,136.94,1.97%,1.93%
04/04/2019,136.95,1.97%,1.92%
04/05/2019,136.97,1.97%,1.92%
04/08/2019,137.23,1.97%,1.93%
04/09/2019,137.43,1.96%,1.92%
04/10/2019,137.42,1.95%,1.91%
04/11/2019,137.47,1.95%,1.90%
04/12/2019,137.44,1.98%,1.93%
4/15/2019,137.38,1.98%,1.94%
4/16/2019,137.24,1.99%,1.94%
4/17/2019,137.32,1.99%,1.94%
4/18/2019,137.2,1.97%,1.92%
4/19/2019,137.2,1.97%,1.90%
4/22/2019,137.25,1.97%,1.90%
4/23/2019,136.86,1.97%,1.92%
4/24/2019,137.14,1.94%,1.89%
4/25/2019,136.6,1.94%,1.89%
4/26/2019,136.92,1.93%,1.87%
4/29/2019,136.84,1.94%,1.88%
4/30/2019,137.17,1.93%,1.88%
05/01/2019,137.42,1.93%,1.87%
05/02/2019,136.92,1.94%,1.89%
05/03/2019,137.07,1.94%,1.87%
05/06/2019,137.16,1.93%,1.86%
05/07/2019,137.3,1.91%,1.84%
05/08/2019,137.29,1.92%,1.85%
05/09/2019,137.31,1.92%,1.85%
05/10/2019,137.41,1.92%,1.85%
5/13/2019,137.5,1.90%,1.83%
5/14/2019,137.28,1.90%,1.84%
5/15/2019,137.48,1.88%,1.82%
5/16/2019,137.24,1.89%,1.83%
5/17/2019,137.07,1.89%,1.82%
5/20/2019,137,1.90%,1.84%
5/21/2019,136.99,1.91%,1.85%
5/22/2019,136.94,1.90%,1.85%
5/23/2019,137.11,1.88%,1.83%
5/24/2019,137.52,1.89%,1.84%
5/27/2019,137.53,1.88%,1.81%
5/28/2019,137.53,1.87%,1.83%
5/29/2019,137.46,1.87%,1.81%
5/30/2019,137.44,1.87%,1.81%
5/31/2019,137.85,1.85%,1.78%
06/03/2019,138.45,1.76%,1.71%
06/04/2019,138.66,1.77%,1.71%
06/05/2019,139.12,1.74%,1.68%
06/06/2019,139.34,1.74%,1.67%
06/07/2019,140.05,1.69%,1.63%
06/10/2019,139.54,1.71%,1.65%
06/11/2019,139.66,1.70%,1.65%
06/12/2019,139.77,1.70%,1.63%
6/13/2019,139.51,1.69%,1.62%
6/14/2019,139.36,1.68%,1.61%
6/17/2019,139.26,1.69%,1.62%
6/18/2019,139.5,1.65%,1.58%
6/19/2019,139.72,1.64%,1.57%
6/20/2019,140.77,1.61%,1.53%
6/21/2019,140.7,1.63%,1.55%
6/24/2019,141.44,1.60%,1.52%
6/25/2019,141.61,1.59%,1.51%
6/26/2019,141.42,1.60%,1.53%
6/27/2019,141.51,1.60%,1.52%
6/28/2019,141.73,1.59%,1.51%
07/01/2019,141.45,1.57%,1.50%
07/02/2019,141.37,1.56%,1.48%
07/03/2019,141.69,1.53%,1.44%
07/04/2019,141.91,1.52%,1.42%
07/05/2019,141.08,1.55%,1.47%
07/08/2019,140.98,1.56%,1.47%
07/09/2019,140.7,1.57%,1.50%
07/10/2019,140.88,1.58%,1.50%
07/11/2019,140.68,1.60%,1.52%
07/12/2019,140.61,1.60%,1.53%
7/15/2019,141,1.58%,1.50%
7/16/2019,140.79,1.58%,1.50%
7/17/2019,141.1,1.55%,1.47%
7/18/2019,141.24,1.54%,1.46%
7/19/2019,141.32,1.53%,1.45%
7/22/2019,141.37,1.53%,1.44%
7/23/2019,140.86,1.52%,1.44%
7/24/2019,141.09,1.51%,1.43%
7/25/2019,141.18,1.51%,1.43%
7/26/2019,140.92,1.51%,1.42%
7/29/2019,141.09,1.50%,1.41%
7/30/2019,141.05,1.49%,1.42%
7/31/2019,141.38,1.47%,1.39%
08/01/2019,141.06,1.51%,1.43%
08/02/2019,141.57,1.49%,1.41%
08/05/2019,142.17,1.46%,1.37%
08/06/2019,142.3,1.45%,1.36%
08/07/2019,142.77,1.42%,1.33%
08/08/2019,142.48,1.44%,1.34%
08/09/2019,142.57,1.43%,1.34%
08/12/2019,142.84,1.41%,1.30%
8/13/2019,142.73,1.42%,1.33%
8/14/2019,142.99,1.39%,1.30%
8/15/2019,143.28,1.35%,1.25%
8/16/2019,143.05,1.36%,1.26%
8/19/2019,142.51,1.39%,1.29%
8/20/2019,142.67,1.37%,1.27%
8/21/2019,142.68,1.38%,1.29%
8/22/2019,142.2,1.41%,1.31%
8/23/2019,142.71,1.38%,1.28%
8/26/2019,142.61,1.38%,1.29%
8/27/2019,142.85,1.36%,1.26%
8/28/2019,142.78,1.35%,1.25%
8/29/2019,142.55,1.36%,1.26%
8/30/2019,142.17,1.36%,1.26%
09/02/2019,141.82,1.36%,1.23%
09/03/2019,141.76,1.36%,1.24%
09/04/2019,142.28,1.36%,1.26%
09/05/2019,141.74,1.42%,1.33%
09/06/2019,142.16,1.41%,1.31%
09/09/2019,141.74,1.44%,1.34%
09/10/2019,141.23,1.47%,1.37%
09/11/2019,140.92,1.49%,1.39%
09/12/2019,140.94,1.51%,1.42%
9/13/2019,140.79,1.56%,1.47%
9/16/2019,140.54,1.53%,1.44%
9/17/2019,140.76,1.54%,1.45%
9/18/2019,141.17,1.51%,1.42%
9/19/2019,141.1,1.51%,1.42%
9/20/2019,140.99,1.50%,1.41%
9/23/2019,141.2,1.48%,1.38%
9/24/2019,141.58,1.45%,1.36%
9/25/2019,140.9,1.48%,1.39%
9/26/2019,140.94,1.48%,1.38%
9/27/2019,140.96,1.47%,1.38%
9/30/2019,140.6,1.47%,1.37%
10/01/2019,140.59,1.45%,1.36%
10/02/2019,140.83,1.45%,1.35%
10/03/2019,141.46,1.42%,1.32%
10/04/2019,141.41,1.42%,1.31%
10/07/2019,141.36,1.43%,1.33%
10/08/2019,141.19,1.40%,1.31%
10/09/2019,141.07,1.42%,1.32%
10/10/2019,140.87,1.46%,1.37%
10/11/2019,140.9,1.49%,1.40%
10/14/2019,141.01,1.47%,1.37%
10/15/2019,140.81,1.50%,1.41%
10/16/2019,140.8,1.50%,1.41%
10/17/2019,141.43,1.51%,1.42%
10/18/2019,141.5,1.50%,1.41%
10/21/2019,141.42,1.51%,1.42%
10/22/2019,141.45,1.51%,1.42%
10/23/2019,141.52,1.50%,1.41%
10/24/2019,141.5,1.50%,1.40%
10/25/2019,141.21,1.51%,1.41%
10/28/2019,140.96,1.53%,1.44%
10/29/2019,141.2,1.53%,1.44%
10/30/2019,141.37,1.52%,1.43%
10/31/2019,142.1,1.48%,1.39%
11/01/2019,142.05,1.52%,1.43%
11/04/2019,141.75,1.54%,1.44%
11/05/2019,140.98,1.56%,1.47%
11/06/2019,141.19,1.55%,1.46%
11/07/2019,140.4,1.61%,1.51%
11/08/2019,140.22,1.61%,1.51%
11/11/2019,140.23,1.61%,1.52%
11/12/2019,140.13,1.61%,1.51%
11/13/2019,140.31,1.59%,1.50%
11/14/2019,140.57,1.56%,1.47%
11/15/2019,140.92,1.57%,1.47%
11/18/2019,141.15,1.56%,1.47%
11/19/2019,141.15,1.55%,1.46%
11/20/2019,141.17,1.54%,1.45%
11/21/2019,141.02,1.56%,1.47%
11/22/2019,140.89,1.56%,1.46%
11/25/2019,140.72,1.56%,1.46%
11/26/2019,140.96,1.56%,1.46%
11/27/2019,140.91,1.56%,1.47%
11/28/2019,140.9,1.56%,1.46%
11/29/2019,141.06,1.55%,1.46%
12/02/2019,140.91,1.59%,1.50%
12/03/2019,141.51,1.55%,1.46%
12/04/2019,141.34,1.56%,1.48%
12/05/2019,141.3,1.57%,1.49%
12/06/2019,140.95,1.58%,1.49%
12/09/2019,141.17,1.57%,1.49%
12/10/2019,141.31,1.57%,1.48%
12/11/2019,141.56,1.55%,1.47%
12/12/2019,141.46,1.58%,1.50%
12/13/2019,141.97,1.56%,1.47%
12/16/2019,141.87,1.57%,1.48%
12/17/2019,142.04,1.56%,1.47%
12/18/2019,141.58,1.58%,1.49%
12/19/2019,141.46,1.58%,1.49%
12/20/2019,141.34,1.58%,1.49%
12/23/2019,141.25,1.59%,1.50%
12/24/2019,141.39,1.58%,1.49%
12/25/2019,141.4,1.57%,1.48%
12/26/2019,141.52,1.57%,1.48%
12/27/2019,142.05,1.57%,1.48%
12/30/2019,142.07,1.59%,1.50%
12/31/2019,142.21,1.60%,1.51%
01/01/2020,142.24,1.59%,1.50%
01/02/2020,142.35,1.57%,1.49%
01/03/2020,142.47,1.53%,1.44%
01/06/2020,142.66,1.53%,1.44%
01/07/2020,142.34,1.53%,1.44%
01/08/2020,141.98,1.55%,1.46%
01/09/2020,141.76,1.56%,1.47%
01/10/2020,142,1.55%,1.46%
1/13/2020,142,1.56%,1.47%
1/14/2020,142.04,1.56%,1.46%
1/15/2020,142.49,1.54%,1.44%
1/16/2020,142.45,1.53%,1.44%
1/17/2020,142.18,1.53%,1.44%
1/20/2020,142.15,1.52%,1.43%
1/21/2020,142.42,1.51%,1.41%
1/22/2020,142.4,1.49%,1.40%
1/23/2020,142.45,1.48%,1.38%
1/24/2020,142.47,1.46%,1.36%
1/27/2020,142.75,1.43%,1.33%
1/28/2020,142.42,1.44%,1.35%
1/29/2020,142.68,1.43%,1.33%
1/30/2020,143.04,1.41%,1.31%
1/31/2020,143.59,1.39%,1.29%
02/03/2020,143.22,1.38%,1.28%
02/04/2020,142.9,1.40%,1.31%
02/05/2020,142.41,1.43%,1.33%
02/06/2020,142.34,1.42%,1.32%
02/07/2020,142.44,1.40%,1.30%
02/10/2020,142.39,1.39%,1.29%
02/11/2020,142.27,1.40%,1.30%
02/12/2020,142.12,1.41%,1.31%
2/13/2020,141.9,1.40%,1.30%
2/14/2020,141.96,1.39%,1.28%
2/17/2020,141.91,1.38%,1.28%
2/18/2020,141.9,1.38%,1.27%
2/19/2020,141.78,1.37%,1.26%
2/20/2020,141.98,1.35%,1.25%
2/21/2020,142.44,1.34%,1.23%
2/24/2020,142.81,1.31%,1.20%
2/25/2020,143.02,1.29%,1.19%
2/26/2020,142.76,1.31%,1.21%
2/27/2020,143.71,1.30%,1.20%
2/28/2020,143.9,1.27%,1.18%
03/02/2020,145.08,1.23%,1.14%
03/03/2020,145.86,1.20%,1.11%
03/04/2020,145.7,1.17%,1.08%
03/05/2020,146.28,1.15%,1.06%
03/06/2020,147.45,1.13%,1.04%
03/09/2020,147.94,1.14%,1.06%
03/10/2020,146.58,1.20%,1.12%
03/11/2020,145.77,1.25%,1.17%
03/12/2020,142.36,1.38%,1.32%
3/13/2020,141.14,1.49%,1.43%
3/16/2020,140.38,1.60%,1.55%
3/17/2020,138.17,1.70%,1.65%
3/18/2020,134.88,1.95%,1.90%
3/19/2020,133.14,2.15%,2.12%
3/20/2020,133.64,2.07%,2.04%
3/23/2020,133.78,2.05%,2.03%
3/24/2020,133.84,2.09%,2.06%
3/25/2020,134.28,2.04%,1.99%
3/26/2020,137.01,1.92%,1.86%
3/27/2020,138.06,1.87%,1.80%
3/30/2020,137.97,1.85%,1.79%
3/31/2020,137.43,1.85%,1.79%
04/01/2020,136.86,1.87%,1.82%
04/02/2020,136.24,1.87%,1.83%
04/03/2020,135.86,1.87%,1.82%
04/06/2020,135.78,1.86%,1.82%
04/07/2020,136.34,1.89%,1.84%
04/08/2020,136.43,1.85%,1.80%
04/09/2020,137.71,1.77%,1.72%
04/10/2020,137.73,1.77%,1.71%
4/13/2020,137.75,1.76%,1.70%
4/14/2020,138.76,1.68%,1.62%
4/15/2020,138.72,1.64%,1.58%
4/16/2020,138.42,1.64%,1.57%
4/17/2020,138.84,1.62%,1.56%
4/20/2020,138.62,1.63%,1.57%
4/21/2020,138.4,1.63%,1.57%
4/22/2020,137.86,1.66%,1.60%
4/23/2020,138.26,1.64%,1.58%
4/24/2020,138.4,1.61%,1.56%
4/27/2020,138.55,1.62%,1.56%
4/28/2020,138.81,1.60%,1.54%
4/29/2020,139.11,1.58%,1.53%
4/30/2020,140.38,1.53%,1.48%
05/01/2020,140.61,1.51%,1.46%
05/04/2020,139.64,1.52%,1.47%
05/05/2020,139.34,1.52%,1.46%
05/06/2020,138.56,1.55%,1.49%
05/07/2020,138.68,1.53%,1.48%
05/08/2020,139.5,1.53%,1.47%
05/11/2020,138.94,1.53%,1.48%
05/12/2020,139.46,1.53%,1.48%
5/13/2020,139.27,1.52%,1.46%
5/14/2020,138.99,1.52%,1.46%
5/15/2020,139.02,1.51%,1.45%
5/18/2020,139.24,1.54%,1.48%
5/19/2020,140.02,1.53%,1.47%
5/20/2020,140.61,1.50%,1.44%
5/21/2020,140.48,1.48%,1.41%
5/22/2020,140.09,1.47%,1.40%
5/25/2020,140.15,1.47%,1.40%
5/26/2020,140.75,1.48%,1.41%
5/27/2020,140.77,1.46%,1.39%
5/28/2020,141.62,1.45%,1.38%
5/29/2020,142.39,1.41%,1.34%
06/01/2020,142.39,1.44%,1.37%
06/02/2020,143.04,1.42%,1.35%
06/03/2020,143.13,1.43%,1.36%
06/04/2020,144.05,1.43%,1.35%
06/05/2020,143.88,1.43%,1.35%
06/08/2020,144.27,1.39%,1.31%
06/09/2020,144.68,1.40%,1.32%
06/10/2020,144.77,1.38%,1.30%
06/11/2020,145.29,1.36%,1.28%
06/12/2020,144.35,1.34%,1.27%
6/15/2020,144.46,1.36%,1.28%
6/16/2020,144.42,1.33%,1.25%
6/17/2020,144.45,1.33%,1.25%
6/18/2020,144.45,1.33%,1.25%
6/19/2020,144.28,1.32%,1.24%
6/22/2020,144.86,1.32%,1.24%
6/23/2020,145.38,1.33%,1.25%
6/24/2020,144.99,1.32%,1.24%
6/25/2020,144.69,1.32%,1.23%
6/26/2020,144.64,1.31%,1.22%
6/29/2020,144.96,1.31%,1.22%
6/30/2020,144.85,1.30%,1.22%
07/01/2020,144.77,1.32%,1.24%
07/02/2020,144.88,1.30%,1.23%
07/03/2020,145.02,1.29%,1.22%
07/06/2020,145.66,1.30%,1.23%
07/07/2020,145.6,1.29%,1.21%
07/08/2020,145.99,1.28%,1.21%
07/09/2020,146,1.28%,1.21%
07/10/2020,146.22,1.28%,1.20%
7/13/2020,146.28,1.31%,1.23%
7/14/2020,146.67,1.29%,1.21%
7/15/2020,147,1.28%,1.21%
7/16/2020,147.3,1.26%,1.18%
7/17/2020,147.1,1.27%,1.20%
7/20/2020,147.56,1.25%,1.18%
7/21/2020,148.14,1.24%,1.16%
7/22/2020,149.11,1.21%,1.14%
7/23/2020,149.22,1.20%,1.12%
7/24/2020,149.18,1.21%,1.14%
7/27/2020,150.61,1.20%,1.12%
7/28/2020,150.42,1.18%,1.11%
7/29/2020,150.69,1.19%,1.11%
7/30/2020,151.04,1.16%,1.09%
7/31/2020,151.25,1.15%,1.07%
08/03/2020,150.56,1.15%,1.07%
08/04/2020,151.07,1.13%,1.05%
08/05/2020,151.89,1.14%,1.06%
08/06/2020,151.86,1.12%,1.04%
08/07/2020,151.29,1.13%,1.05%
08/10/2020,151.3,1.12%,1.04%
08/11/2020,151.01,1.14%,1.06%
08/12/2020,151.18,1.16%,1.08%
8/13/2020,151.07,1.18%,1.10%
8/14/2020,151.04,1.17%,1.09%
8/17/2020,151.55,1.16%,1.07%
8/18/2020,152.11,1.15%,1.07%
8/19/2020,152.05,1.15%,1.07%
8/20/2020,151.64,1.15%,1.07%
8/21/2020,151.23,1.14%,1.06%
8/24/2020,151.5,1.14%,1.06%
8/25/2020,151.08,1.17%,1.09%
8/26/2020,151.08,1.18%,1.10%
8/27/2020,150.68,1.20%,1.11%
8/28/2020,151.66,1.19%,1.11%
8/31/2020,152.15,1.19%,1.11%
09/01/2020,152.36,1.18%,1.10%
09/02/2020,151.93,1.14%,1.06%
09/03/2020,152.03,1.13%,1.05%
09/04/2020,151.48,1.15%,1.06%
09/07/2020,151.62,1.15%,1.07%
09/08/2020,151.46,1.15%,1.06%
09/09/2020,151.37,1.16%,1.08%
09/10/2020,151.59,1.17%,1.09%
09/11/2020,151.68,1.14%,1.06%
9/14/2020,152.06,1.14%,1.06%
9/15/2020,152.01,1.14%,1.06%
9/16/2020,152.01,1.13%,1.05%
9/17/2020,151.98,1.12%,1.04%
9/18/2020,152.35,1.13%,1.05%
9/21/2020,151.57,1.11%,1.03%
9/22/2020,151.07,1.12%,1.04%
9/23/2020,150.7,1.13%,1.05%
9/24/2020,150.19,1.13%,1.05%
9/25/2020,150.15,1.13%,1.05%
9/28/2020,150.39,1.13%,1.05%
9/29/2020,151.18,1.12%,1.05%
9/30/2020,151.09,1.13%,1.05%
10/01/2020,151.28,1.13%,1.06%
10/02/2020,151.15,1.14%,1.06%
10/05/2020,151.6,1.14%,1.06%
10/06/2020,151.59,1.14%,1.06%
10/07/2020,151.24,1.15%,1.07%
10/08/2020,151.43,1.13%,1.05%
10/09/2020,152.3,1.12%,1.04%
10/12/2020,152.35,1.12%,1.04%
10/13/2020,152.03,1.10%,1.02%
10/14/2020,152.25,1.10%,1.01%
10/15/2020,151.88,1.09%,1.01%
10/16/2020,152.17,1.09%,1.00%
10/19/2020,152.64,1.09%,1.01%
10/20/2020,152.87,1.09%,1.01%
10/21/2020,153.23,1.09%,1.01%
10/22/2020,152.57,1.10%,1.03%
10/23/2020,152.66,1.11%,1.03%
10/26/2020,152.58,1.10%,1.02%
10/27/2020,153.05,1.09%,1.01%
10/28/2020,152.23,1.09%,1.01%
10/29/2020,151.51,1.09%,1.01%
10/30/2020,151.38,1.11%,1.03%
11/02/2020,151.36,1.09%,1.02%
11/03/2020,152.18,1.09%,1.01%
11/04/2020,152.39,1.07%,0.99%
11/05/2020,153.63,1.05%,0.97%
11/06/2020,153.96,1.06%,0.97%
11/09/2020,153.15,1.09%,1.00%
11/10/2020,152.93,1.11%,1.02%
11/11/2020,152.57,1.09%,1.00%
11/12/2020,153.24,1.08%,0.99%
11/13/2020,153.35,1.07%,0.98%
11/16/2020,153.75,1.07%,0.98%
11/17/2020,154.3,1.04%,0.95%
11/18/2020,154.43,1.05%,0.96%
11/19/2020,154.16,1.04%,0.94%
11/20/2020,154.49,1.03%,0.93%
11/23/2020,154.09,1.03%,0.94%
11/24/2020,154.52,1.04%,0.94%
11/25/2020,154.82,1.04%,0.93%
11/26/2020,154.97,1.03%,0.93%
11/27/2020,155.37,1.03%,0.93%
11/30/2020,155.36,1.04%,0.94%
12/01/2020,155.57,1.06%,0.96%
12/02/2020,155.85,1.06%,0.96%
12/03/2020,156.86,1.04%,0.95%
12/04/2020,156.68,1.05%,0.95%
12/07/2020,156.95,1.03%,0.93%
12/08/2020,157,1.01%,0.91%
12/09/2020,156.7,1.03%,0.92%
12/10/2020,157.16,1.02%,0.91%
12/11/2020,157.22,1.00%,0.90%
12/14/2020,157.35,1.01%,0.91%
12/15/2020,157.55,1.01%,0.91%
12/16/2020,157.61,1.02%,0.92%
12/17/2020,158.2,1.02%,0.92%
12/18/2020,158.04,1.02%,0.91%
12/21/2020,157.87,1.02%,0.91%
12/22/2020,157.55,1.01%,0.91%
12/23/2020,157.51,1.03%,0.93%
12/24/2020,157.58,1.03%,0.93%
12/25/2020,157.65,1.02%,0.91%
12/28/2020,157.85,1.02%,0.92%
12/29/2020,158.35,1.01%,0.91%
12/30/2020,158.82,1.01%,0.91%
12/31/2020,158.41,1.01%,0.90%
01/01/2021,158.42,0.89%,0.79%
01/04/2021,158.98,0.88%,0.77%
01/05/2021,158.99,0.88%,0.77%
01/06/2021,158.77,0.89%,0.79%
01/07/2021,158.5,0.89%,0.79%
01/08/2021,158.51,0.89%,0.79%
01/11/2021,157.4,0.90%,0.80%
01/12/2021,157.25,0.92%,0.82%
1/13/2021,157.69,0.90%,0.80%
1/14/2021,157.67,0.89%,0.78%
1/15/2021,157.16,0.89%,0.79%
1/18/2021,156.9,0.90%,0.80%
1/19/2021,157.4,0.90%,0.80%
1/20/2021,157.37,0.90%,0.79%
1/21/2021,157.54,0.91%,0.80%
1/22/2021,157.7,0.90%,0.79%
1/25/2021,157.73,0.87%,0.77%
1/26/2021,157.9,0.89%,0.78%
1/27/2021,157.35,0.88%,0.77%
1/28/2021,157.47,0.89%,0.79%
1/29/2021,157.45,0.92%,0.80%
02/01/2021,156.87,0.85%,0.75%
02/02/2021,156.31,0.86%,0.76%
02/03/2021,156.14,0.87%,0.76%
02/04/2021,155.77,0.88%,0.77%
02/05/2021,156.14,0.88%,0.77%
02/08/2021,156.32,0.88%,0.77%
02/09/2021,156.85,0.87%,0.76%
02/10/2021,157.16,0.86%,0.75%
02/11/2021,157.26,0.85%,0.74%
02/12/2021,156.85,0.87%,0.76%
2/15/2021,156.73,0.89%,0.78%
2/16/2021,156.32,0.91%,0.80%
2/17/2021,155.62,0.92%,0.80%
2/18/2021,155.62,0.94%,0.83%
2/19/2021,155.93,0.95%,0.84%
2/22/2021,156.04,0.95%,0.84%
2/23/2021,155.99,0.96%,0.86%
2/24/2021,155.48,0.98%,0.88%
2/25/2021,155.64,1.03%,0.93%
2/26/2021,155.03,1.03%,0.93%
03/01/2021,154.9,0.99%,0.90%
03/02/2021,155.1,0.99%,0.90%
03/03/2021,154.75,1.01%,0.92%
03/04/2021,154.48,1.02%,0.92%
03/05/2021,153.11,1.04%,0.95%
03/08/2021,152.51,1.06%,0.96%
03/09/2021,153,1.04%,0.95%
03/10/2021,153.22,1.03%,0.94%
03/11/2021,153.98,1.01%,0.92%
03/12/2021,153.4,1.04%,0.94%
3/15/2021,153.46,1.01%,0.92%
3/16/2021,153.35,1.02%,0.92%
3/17/2021,153.02,1.04%,0.94%
3/18/2021,152.93,1.06%,0.97%
3/19/2021,152.9,1.05%,0.95%
3/22/2021,153.21,1.04%,0.94%
3/23/2021,152.98,1.02%,0.92%
3/24/2021,152.76,1.01%,0.92%
3/25/2021,152.4,1.00%,0.90%
3/26/2021,152.39,1.01%,0.92%
3/29/2021,151.84,1.03%,0.93%
3/30/2021,151.3,1.05%,0.96%
3/31/2021,151.67,1.04%,0.95%
04/01/2021,152,1.03%,0.94%
04/02/2021,151.96,1.04%,0.95%
04/05/2021,152.33,1.03%,0.94%
04/06/2021,152.73,1.01%,0.92%
04/07/2021,153.22,1.01%,0.92%
04/08/2021,153.44,0.99%,0.90%
04/09/2021,153.12,1.01%,0.92%
04/12/2021,153.21,1.01%,0.92%
4/13/2021,153.41,1.01%,0.91%
4/14/2021,153.74,1.02%,0.92%
4/15/2021,154.09,1.00%,0.90%
4/16/2021,154.02,1.02%,0.91%
4/19/2021,154.28,1.04%,0.93%
4/20/2021,154.57,1.03%,0.92%
4/21/2021,154.54,1.03%,0.92%
4/22/2021,154.56,1.02%,0.91%
4/23/2021,154.63,1.02%,0.91%
4/26/2021,154.98,1.02%,0.91%
4/27/2021,154.87,1.02%,0.91%
4/28/2021,154.83,1.03%,0.92%
4/29/2021,154.75,1.03%,0.93%
4/30/2021,154.12,1.02%,0.93%
05/03/2021,154.56,1.06%,0.97%
05/04/2021,154.37,1.05%,0.95%
05/05/2021,154.13,1.06%,0.96%
05/06/2021,154.57,1.05%,0.96%
05/07/2021,155.3,1.05%,0.96%
05/10/2021,155.48,1.06%,0.96%
05/11/2021,155.06,1.08%,0.99%
05/12/2021,153.98,1.11%,1.02%
5/13/2021,153.84,1.12%,1.02%
5/14/2021,154.49,1.11%,1.01%
5/17/2021,154.49,1.11%,1.01%
5/18/2021,155.08,1.11%,1.02%
5/19/2021,154.89,1.11%,1.02%
5/20/2021,155.03,1.11%,1.02%
5/21/2021,155.02,1.10%,1.00%
5/24/2021,155.35,1.09%,0.99%
5/25/2021,155.9,1.07%,0.97%
5/26/2021,155.96,1.05%,0.95%
5/27/2021,155.69,1.07%,0.97%
5/28/2021,155.57,1.06%,0.96%
5/31/2021,155.96,1.06%,0.96%
06/01/2021,156.11,1.08%,0.98%
06/02/2021,155.96,1.07%,0.97%
06/03/2021,155.21,1.08%,0.99%
06/04/2021,155.71,1.07%,0.97%
06/07/2021,155.88,1.07%,0.97%
06/08/2021,156.13,1.05%,0.95%
06/09/2021,156.42,1.03%,0.93%
06/10/2021,156.35,1.03%,0.92%
06/11/2021,156.01,1.02%,0.91%
6/14/2021,155.94,1.03%,0.93%
6/15/2021,155.77,1.04%,0.94%
6/16/2021,155.67,1.04%,0.94%
6/17/2021,154,1.06%,0.95%
6/18/2021,153.33,1.06%,0.95%
6/21/2021,153.64,1.07%,0.97%
6/22/2021,153.51,1.07%,0.97%
6/23/2021,154.01,1.07%,0.97%
6/24/2021,153.9,1.06%,0.96%
6/25/2021,153.82,1.08%,0.98%
6/28/2021,153.84,1.07%,0.96%
6/29/2021,153.6,1.07%,0.97%
6/30/2021,153.5,1.05%,0.95%
07/01/2021,153.52,1.08%,0.97%
07/02/2021,153.61,1.06%,0.95%
07/05/2021,153.68,1.06%,0.96%
07/06/2021,153.85,1.04%,0.94%
07/07/2021,153.87,1.02%,0.92%
07/08/2021,154.39,1.01%,0.90%
07/09/2021,154.22,1.03%,0.92%
07/12/2021,154.37,1.02%,0.92%
7/13/2021,153.96,1.03%,0.92%
7/14/2021,154.1,1.02%,0.91%
7/15/2021,154.21,1.01%,0.90%
7/16/2021,154.21,1.00%,0.89%
7/19/2021,154.43,0.98%,0.87%
7/20/2021,154.21,0.97%,0.86%
7/21/2021,154.22,0.98%,0.88%
7/22/2021,154.58,0.97%,0.86%
7/23/2021,154.29,0.97%,0.86%
7/26/2021,154.7,0.97%,0.86%
7/27/2021,154.95,0.96%,0.85%
7/28/2021,154.74,0.97%,0.86%
7/29/2021,155.55,0.97%,0.86%
7/30/2021,155.39,0.96%,0.85%
08/02/2021,155.87,0.95%,0.84%
08/03/2021,155.75,0.94%,0.83%
08/04/2021,155.67,0.95%,0.84%
08/05/2021,155.76,0.94%,0.83%
08/06/2021,154.6,0.97%,0.86%
08/09/2021,154.42,0.97%,0.86%
08/10/2021,154.25,0.98%,0.87%
08/11/2021,154.39,0.98%,0.87%
08/12/2021,154.32,0.98%,0.87%
8/13/2021,154.96,0.97%,0.86%
8/16/2021,155.03,0.96%,0.85%
8/17/2021,154.31,0.96%,0.85%
8/18/2021,154.33,0.96%,0.85%
8/19/2021,154.02,0.95%,0.84%
8/20/2021,153.97,0.95%,0.84%
8/23/2021,154.55,0.96%,0.85%
8/24/2021,154.74,0.96%,0.85%
8/25/2021,154.15,0.99%,0.88%
8/26/2021,154.1,0.99%,0.88%
8/27/2021,154.51,0.99%,0.87%
8/30/2021,154.88,0.97%,0.86%
8/31/2021,154.82,0.99%,0.88%
09/01/2021,155.16,1.01%,0.90%
09/02/2021,155.43,1.00%,0.89%
09/03/2021,155.41,1.02%,0.91%
09/06/2021,155.27,1.02%,0.90%
09/07/2021,154.68,1.04%,0.94%
09/08/2021,154.45,1.04%,0.93%
09/09/2021,154.94,1.02%,0.91%
09/10/2021,154.91,1.03%,0.92%
9/13/2021,154.69,1.03%,0.92%
9/14/2021,154.93,1.03%,0.91%
9/15/2021,154.77,1.04%,0.93%
9/16/2021,154.1,1.05%,0.94%
9/17/2021,153.56,1.07%,0.96%
9/20/2021,153.64,1.07%,0.96%
9/21/2021,153.76,1.06%,0.95%
9/22/2021,153.9,1.06%,0.95%
9/23/2021,153.54,1.10%,1.00%
9/24/2021,152.88,1.12%,1.01%
9/27/2021,152.68,1.14%,1.03%
9/28/2021,152.07,1.16%,1.05%
9/29/2021,151.65,1.15%,1.05%
9/30/2021,151.37,1.16%,1.05%
10/01/2021,151.7,1.14%,1.04%
10/04/2021,151.92,1.14%,1.05%
10/05/2021,151.4,1.16%,1.07%
10/06/2021,150.86,1.18%,1.08%
10/07/2021,151,1.20%,1.11%
10/08/2021,150.83,1.23%,1.13%
10/11/2021,150.46,1.26%,1.17%
10/12/2021,150.12,1.26%,1.17%
10/13/2021,150.72,1.24%,1.15%
10/14/2021,151.38,1.25%,1.16%
10/15/2021,151.47,1.26%,1.16%
10/18/2021,151.21,1.28%,1.19%
10/19/2021,151.37,1.30%,1.21%
10/20/2021,151.52,1.28%,1.19%
10/21/2021,151.27,1.32%,1.23%
10/22/2021,151.33,1.31%,1.22%
10/25/2021,151.23,1.30%,1.20%
10/26/2021,151.1,1.30%,1.20%
10/27/2021,151.59,1.27%,1.18%
10/28/2021,152.07,1.28%,1.19%
10/29/2021,150.77,1.32%,1.23%
11/01/2021,150.95,1.32%,1.22%
11/02/2021,151.23,1.27%,1.18%
11/03/2021,151.28,1.27%,1.18%
11/04/2021,151.36,1.23%,1.14%
11/05/2021,152.01,1.20%,1.11%
11/08/2021,152.03,1.22%,1.13%
11/09/2021,152.38,1.20%,1.11%
11/10/2021,151.21,1.24%,1.15%
11/11/2021,150.56,1.26%,1.17%
11/12/2021,150.53,1.20%,1.11%
11/15/2021,150.21,1.22%,1.12%
11/16/2021,149.44,1.23%,1.14%
11/17/2021,149.06,1.24%,1.15%
11/18/2021,149.59,1.22%,1.13%
11/19/2021,149.77,1.19%,1.10%
11/22/2021,148.78,1.22%,1.13%
11/23/2021,148.21,1.26%,1.17%
11/24/2021,147.49,1.28%,1.19%
11/25/2021,147.8,1.28%,1.19%
11/26/2021,149.13,1.23%,1.14%
11/29/2021,148.65,1.24%,1.15%
11/30/2021,148.87,1.22%,1.13%
12/01/2021,149.57,1.24%,1.15%
12/02/2021,149.67,1.21%,1.13%
12/03/2021,149.4,1.20%,1.11%
12/06/2021,149.47,1.20%,1.11%
12/07/2021,149.35,1.21%,1.12%
12/08/2021,149.62,1.23%,1.14%
12/09/2021,149.5,1.20%,1.11%
12/10/2021,149.77,1.20%,1.11%
12/13/2021,149.77,1.18%,1.09%
12/14/2021,149.59,1.19%,1.10%
12/15/2021,149.28,1.20%,1.11%
12/16/2021,149.75,1.20%,1.11%
12/17/2021,149.61,1.19%,1.10%
12/20/2021,149.53,1.19%,1.10%
12/21/2021,148.69,1.24%,1.15%
12/22/2021,149.21,1.25%,1.16%
12/23/2021,148.77,1.28%,1.18%
12/24/2021,148.92,1.29%,1.20%
12/27/2021,148.85,1.28%,1.19%
12/28/2021,148.74,1.29%,1.19%
12/29/2021,148.71,1.33%,1.23%
12/30/2021,148.61,1.33%,1.23%
12/31/2021,148.98,1.32%,1.23%
01/03/2022,147.87,1.33%,1.24%
01/04/2022,148.03,1.35%,1.25%
01/05/2022,148.16,1.35%,1.26%
01/06/2022,147.36,1.39%,1.29%
01/07/2022,147.59,1.40%,1.31%
01/10/2022,147.29,1.41%,1.32%
01/11/2022,147.47,1.42%,1.33%
01/12/2022,148.42,1.41%,1.32%
1/13/2022,149.06,1.39%,1.31%
1/14/2022,148.25,1.43%,1.35%
1/17/2022,147.75,1.45%,1.37%
1/18/2022,146.96,1.49%,1.40%
1/19/2022,146.9,1.49%,1.41%
1/20/2022,147.23,1.48%,1.39%
1/21/2022,147.39,1.45%,1.37%
1/24/2022,146.99,1.44%,1.36%
1/25/2022,146.59,1.46%,1.38%
1/26/2022,146.36,1.48%,1.40%
1/27/2022,145.15,1.50%,1.43%
1/28/2022,144.99,1.53%,1.45%
1/31/2022,144.98,1.56%,1.49%
02/01/2022,145.26,1.59%,1.52%
02/02/2022,145.79,1.58%,1.51%
02/03/2022,145.81,1.66%,1.59%
02/04/2022,145.08,1.74%,1.68%
02/07/2022,144.79,1.77%,1.71%
02/08/2022,144.13,1.80%,1.74%
02/09/2022,144.64,1.77%,1.71%
02/10/2022,144.15,1.84%,1.78%
02/11/2022,143.58,1.86%,1.80%
2/14/2022,142.54,1.87%,1.82%
2/15/2022,142.54,1.88%,1.83%
2/16/2022,142.96,1.85%,1.80%
2/17/2022,143.34,1.82%,1.77%
2/18/2022,143.26,1.79%,1.74%
2/21/2022,143.1,1.81%,1.75%
2/22/2022,142.77,1.86%,1.80%
2/23/2022,142.6,1.86%,1.81%
2/24/2022,140.78,1.87%,1.82%
2/25/2022,141.8,1.88%,1.83%
2/28/2022,142.18,1.86%,1.81%
03/01/2022,142.89,1.76%,1.70%
03/02/2022,141.49,1.83%,1.77%
03/03/2022,141.34,1.86%,1.81%
03/04/2022,140.87,1.79%,1.74%
03/07/2022,139.74,1.86%,1.81%
03/08/2022,138.8,1.95%,1.90%
03/09/2022,139.39,2.02%,1.97%
03/10/2022,138.66,2.07%,2.02%
03/11/2022,138.07,2.10%,2.06%
3/14/2022,137.26,2.17%,2.12%
3/15/2022,137.24,2.17%,2.13%
3/16/2022,137.41,2.18%,2.14%
3/17/2022,138.56,2.16%,2.12%
3/18/2022,138.45,2.14%,2.10%
3/21/2022,137.78,2.20%,2.16%
3/22/2022,137.11,2.26%,2.22%
3/23/2022,137.21,2.24%,2.20%
3/24/2022,136.98,2.27%,2.23%
3/25/2022,136.42,2.32%,2.28%
3/28/2022,136.12,2.34%,2.30%
3/29/2022,137.07,2.35%,2.31%
3/30/2022,137.74,2.34%,2.30%
3/31/2022,138.11,2.28%,2.24%
04/01/2022,137.1,2.28%,2.24%
04/04/2022,137.12,2.26%,2.22%
04/05/2022,135.98,2.34%,2.30%
04/06/2022,135.31,2.37%,2.33%
04/07/2022,134.93,2.40%,2.36%
04/08/2022,134.37,2.44%,2.40%
04/11/2022,133.84,2.50%,2.46%
04/12/2022,133.8,2.48%,2.45%
4/13/2022,133.67,2.47%,2.43%
4/14/2022,132.68,2.50%,2.47%
4/15/2022,132.7,2.51%,2.47%
4/18/2022,132.64,2.52%,2.48%
4/19/2022,131.91,2.57%,2.54%
4/20/2022,132.95,2.55%,2.52%
4/21/2022,132.23,2.61%,2.58%
4/22/2022,131.18,2.65%,2.62%
4/25/2022,130.99,2.60%,2.57%
4/26/2022,130.82,2.58%,2.55%
4/27/2022,129.52,2.60%,2.58%
4/28/2022,128.8,2.68%,2.65%
4/29/2022,128.74,2.72%,2.70%
05/02/2022,128.16,2.72%,2.70%
05/03/2022,128.27,2.74%,2.71%
05/04/2022,128.24,2.76%,2.73%
05/05/2022,127.66,2.78%,2.76%
05/06/2022,127.05,2.88%,2.85%
05/09/2022,126.54,2.87%,2.84%
05/10/2022,127.15,2.81%,2.79%
05/11/2022,127.35,2.81%,2.78%
05/12/2022,127.08,2.73%,2.71%
5/13/2022,126.57,2.77%,2.75%
5/16/2022,126.81,2.75%,2.73%
5/17/2022,127.24,2.83%,2.81%
5/18/2022,127.2,2.82%,2.80%
5/19/2022,128.06,2.80%,2.78%
5/20/2022,127.8,2.79%,2.77%
5/23/2022,128.38,2.83%,2.81%
5/24/2022,129.13,2.79%,2.76%
5/25/2022,128.96,2.77%,2.74%
5/26/2022,129.04,2.77%,2.75%
5/27/2022,129.43,2.75%,2.73%
5/30/2022,129.62,2.79%,2.76%
5/31/2022,128.62,2.84%,2.81%
06/01/2022,127.85,2.89%,2.86%
06/02/2022,127.93,2.93%,2.90%
06/03/2022,127.64,2.97%,2.94%
06/06/2022,127.28,3.01%,2.98%
06/07/2022,127.37,2.99%,2.97%
06/08/2022,127.1,3.03%,3.00%
06/09/2022,125.84,3.11%,3.08%
06/10/2022,124.12,3.22%,3.19%
6/13/2022,121.58,3.42%,3.40%
6/14/2022,120.47,3.54%,3.51%
6/15/2022,121.22,3.47%,3.45%
6/16/2022,121.55,3.52%,3.50%
6/17/2022,121.38,3.50%,3.48%
6/20/2022,121.57,3.54%,3.52%
6/21/2022,121.6,3.55%,3.54%
6/22/2022,122.64,3.47%,3.45%
6/23/2022,123.26,3.36%,3.34%
6/24/2022,123.36,3.38%,3.36%
6/27/2022,123.2,3.45%,3.43%
6/28/2022,122.04,3.51%,3.49%
6/29/2022,122.35,3.49%,3.47%
6/30/2022,122.84,3.41%,3.39%
07/01/2022,123.28,3.20%,3.18%
07/04/2022,122.85,3.27%,3.25%
07/05/2022,122.42,3.18%,3.16%
07/06/2022,122.1,3.17%,3.15%
07/07/2022,121.54,3.25%,3.22%
07/08/2022,121.39,3.27%,3.24%
07/11/2022,121.18,3.21%,3.19%
07/12/2022,121.68,3.15%,3.13%
7/13/2022,121.97,3.18%,3.16%
7/14/2022,120.73,3.23%,3.20%
7/15/2022,121.7,3.21%,3.18%
7/18/2022,122.2,3.25%,3.22%
7/19/2022,122.41,3.28%,3.26%
7/20/2022,122.28,3.27%,3.25%
7/21/2022,122.56,3.23%,3.21%
7/22/2022,124.12,3.09%,3.07%
7/25/2022,124.17,3.07%,3.05%
7/26/2022,124,3.03%,3.01%
7/27/2022,123.94,3.03%,3.00%
7/28/2022,125.36,2.93%,2.90%
7/29/2022,125.81,2.91%,2.88%
08/01/2022,126.91,2.85%,2.82%
08/02/2022,126.03,2.88%,2.85%
08/03/2022,125.14,2.93%,2.90%
08/04/2022,126.21,2.89%,2.86%
08/05/2022,124.82,2.99%,2.96%
08/08/2022,125.6,2.97%,2.94%
08/09/2022,125.29,3.00%,2.98%
08/10/2022,126.71,2.97%,2.94%
08/11/2022,126.13,3.01%,2.98%
08/12/2022,125.28,3.02%,2.99%
8/15/2022,125.45,2.96%,2.93%
8/16/2022,124.82,3.00%,2.97%
8/17/2022,123.81,3.10%,3.07%
8/18/2022,123.52,3.11%,3.08%
8/19/2022,121.77,3.22%,3.19%
8/22/2022,120.63,3.30%,3.27%
8/23/2022,120.65,3.32%,3.29%
8/24/2022,120.29,3.36%,3.34%
8/25/2022,120.58,3.33%,3.31%
8/26/2022,120.39,3.38%,3.35%
8/29/2022,119.37,3.46%,3.44%
8/30/2022,119.12,3.50%,3.47%
8/31/2022,119.28,3.53%,3.51%
09/01/2022,117.87,3.59%,3.57%
09/02/2022,118.9,3.54%,3.52%
09/05/2022,117.8,3.57%,3.55%
09/06/2022,117.42,3.61%,3.59%
09/07/2022,117.92,3.58%,3.56%
09/08/2022,117.57,3.64%,3.62%
09/09/2022,118.29,3.64%,3.62%
09/12/2022,119.35,3.61%,3.59%
9/13/2022,117.85,3.68%,3.66%
9/14/2022,117.74,3.71%,3.69%
9/15/2022,117.47,3.74%,3.72%
9/16/2022,117.37,3.78%,3.76%
9/19/2022,117.11,3.80%,3.78%
9/20/2022,116.09,3.90%,3.88%
9/21/2022,115.48,3.90%,3.88%
9/22/2022,114.35,3.99%,3.98%
9/23/2022,113.01,4.07%,4.05%
9/26/2022,111.76,4.17%,4.16%
9/27/2022,110.66,4.26%,4.25%
9/28/2022,111.02,4.23%,4.21%
9/29/2022,111.58,4.26%,4.25%
9/30/2022,112.1,4.23%,4.22%
10/03/2022,113.4,4.08%,4.07%
10/04/2022,114.79,4.01%,4.00%
10/05/2022,113.31,4.10%,4.09%
10/06/2022,112.76,4.18%,4.17%
10/07/2022,111.72,4.26%,4.25%
10/10/2022,110.43,4.33%,4.32%
10/11/2022,110.39,4.34%,4.32%
10/12/2022,110.04,4.37%,4.36%
10/13/2022,110.11,4.39%,4.38%
10/14/2022,110.14,4.41%,4.40%
10/17/2022,111.01,4.38%,4.37%
10/18/2022,111.38,4.36%,4.35%
10/19/2022,110.47,4.43%,4.42%
10/20/2022,110.5,4.49%,4.48%
10/21/2022,109.8,4.51%,4.50%
10/24/2022,110.89,4.46%,4.46%
10/25/2022,112.31,4.38%,4.38%
10/26/2022,113.44,4.32%,4.32%
10/27/2022,113.83,4.24%,4.23%
10/28/2022,113.03,4.30%,4.29%
10/31/2022,112.23,4.34%,4.33%
11/01/2022,112.39,4.34%,4.33%
11/02/2022,112.37,4.35%,4.34%
11/03/2022,110.83,4.43%,4.42%
11/04/2022,111.73,4.46%,4.45%
11/07/2022,112.51,4.45%,4.45%
11/08/2022,113.4,4.42%,4.41%
11/09/2022,113.59,4.36%,4.35%
11/10/2022,116.2,4.19%,4.18%
11/11/2022,116.86,4.23%,4.22%
11/14/2022,117,4.21%,4.20%
11/15/2022,117.93,4.16%,4.14%
11/16/2022,118.78,4.09%,4.08%
11/17/2022,117.91,4.12%,4.11%
11/18/2022,118.28,4.12%,4.10%
11/21/2022,117.5,4.10%,4.09%
11/22/2022,118.11,4.08%,4.07%
11/23/2022,119.39,4.04%,4.03%
11/24/2022,120.24,3.98%,3.97%
11/25/2022,119.63,4.04%,4.03%
11/28/2022,119.48,4.04%,4.03%
11/29/2022,119.51,4.00%,3.98%
11/30/2022,119.07,4.00%,3.99%
12/01/2022,121.57,3.88%,3.86%
12/02/2022,121.42,3.88%,3.87%
12/05/2022,121.72,3.89%,3.88%
12/06/2022,121.85,3.85%,3.84%
12/07/2022,122.11,3.83%,3.81%
12/08/2022,122.26,3.85%,3.83%
12/09/2022,121.7,3.91%,3.89%
12/12/2022,121.48,3.92%,3.90%
12/13/2022,122.71,3.88%,3.87%
12/14/2022,122.78,3.87%,3.85%
12/15/2022,121.84,3.96%,3.94%
12/16/2022,120.91,4.04%,4.02%
12/19/2022,120.42,4.06%,4.05%
12/20/2022,120.17,4.15%,4.13%
12/21/2022,120.02,4.15%,4.13%
12/22/2022,119.62,4.18%,4.17%
12/23/2022,119.44,4.22%,4.20%
12/26/2022,119.44,4.22%,4.21%
12/27/2022,119.08,4.29%,4.28%
12/28/2022,118.83,4.30%,4.28%
12/29/2022,119.34,4.28%,4.27%
12/30/2022,118.98,4.32%,4.31%
01/02/2023,119.51,4.26%,4.24%
01/03/2023,119.17,4.22%,4.19%
01/04/2023,120.28,4.14%,4.11%
01/05/2023,119.28,4.17%,4.15%
01/06/2023,120.72,4.10%,4.07%
01/09/2023,121.93,4.08%,4.05%
01/10/2023,121.4,4.12%,4.09%
01/11/2023,122.28,4.05%,4.02%
01/12/2023,123.21,3.99%,3.96%
1/13/2023,123.49,3.98%,3.95%
1/16/2023,123.4,3.98%,3.95%
1/17/2023,123.8,3.92%,3.89%
1/18/2023,124.78,3.85%,3.82%
1/19/2023,124.2,3.88%,3.84%
1/20/2023,123.78,3.95%,3.92%
1/23/2023,123.85,3.98%,3.95%
1/24/2023,124.27,3.96%,3.92%
1/25/2023,124.47,3.96%,3.92%
1/26/2023,123.89,4.00%,3.96%
1/27/2023,123.7,4.02%,3.98%
1/30/2023,123.59,4.06%,4.03%
1/31/2023,123.57,4.04%,4.01%
02/01/2023,124.17,3.99%,3.96%
02/02/2023,125.84,3.83%,3.80%
02/03/2023,124.25,3.89%,3.87%
02/06/2023,122.64,3.98%,3.96%
02/07/2023,122.28,4.01%,3.98%
02/08/2023,122.37,4.03%,4.01%
02/09/2023,122.98,4.02%,3.99%
02/10/2023,121.81,4.09%,4.06%
2/13/2023,122.1,4.10%,4.07%
2/14/2023,121.75,4.15%,4.12%
2/15/2023,121.03,4.18%,4.16%
2/16/2023,120.82,4.19%,4.17%
2/17/2023,120.75,4.20%,4.18%
2/20/2023,121.01,3.94%,3.91%
2/21/2023,120.34,4.28%,4.27%
2/22/2023,119.98,4.29%,4.27%
2/23/2023,120.01,4.26%,4.24%
2/24/2023,119.1,4.32%,4.30%
2/27/2023,119.36,4.35%,4.33%
2/28/2023,119.17,4.37%,4.36%
03/01/2023,119.18,4.42%,4.40%
03/02/2023,118.53,4.44%,4.43%
03/03/2023,118.7,4.43%,4.41%
03/06/2023,119.34,4.42%,4.41%
03/07/2023,118.62,4.42%,4.40%
03/08/2023,118.64,4.41%,4.39%
03/09/2023,118.81,4.39%,4.38%
03/10/2023,120.59,4.28%,4.26%
3/13/2023,122.04,4.12%,4.10%
3/14/2023,121.04,4.24%,4.22%
3/15/2023,121.02,4.08%,4.06%
3/16/2023,121.1,4.15%,4.13%
3/17/2023,122.04,4.06%,4.05%
3/20/2023,122.39,4.10%,4.08%
3/21/2023,122.07,4.17%,4.15%
3/22/2023,122.21,4.18%,4.16%
3/23/2023,123.69,4.09%,4.07%
3/24/2023,123.03,4.05%,4.02%
3/27/2023,122.63,4.12%,4.10%
3/28/2023,122.63,4.18%,4.16%
3/29/2023,122.53,4.19%,4.17%
3/30/2023,122.97,4.21%,4.19%
3/31/2023,123.07,4.17%,4.15%
04/03/2023,123.79,4.09%,4.07%
04/04/2023,124.49,4.07%,4.04%
04/05/2023,124.51,4.01%,3.98%
04/06/2023,124.58,4.01%,3.99%
04/07/2023,124.44,4.04%,4.01%
04/10/2023,123.75,4.04%,4.02%
04/11/2023,123.76,4.11%,4.08%
04/12/2023,124.09,4.13%,4.11%
4/13/2023,124.62,4.14%,4.11%
4/14/2023,124.01,4.17%,4.15%
4/17/2023,122.98,4.22%,4.20%
4/18/2023,123.41,4.21%,4.19%
4/19/2023,123.04,4.26%,4.24%
4/20/2023,123.47,4.23%,4.20%
4/21/2023,123.21,4.24%,4.22%
4/24/2023,123.72,4.23%,4.21%
4/25/2023,123.98,4.16%,4.13%
4/26/2023,124.34,4.15%,4.13%
4/27/2023,123.7,4.21%,4.19%
4/28/2023,124.65,4.13%,4.11%
05/01/2023,124.01,4.14%,4.12%
05/02/2023,124.39,4.09%,4.07%
05/03/2023,125.1,4.08%,4.05%
05/04/2023,125.02,4.04%,4.02%
05/05/2023,124.71,4.09%,4.06%
05/08/2023,124.59,4.13%,4.11%
05/09/2023,124.02,4.14%,4.12%
05/10/2023,124.54,4.10%,4.06%
05/11/2023,124.45,4.06%,4.04%
05/12/2023,123.71,4.09%,4.07%
5/15/2023,123.56,4.12%,4.10%
5/16/2023,123.23,4.16%,4.14%
5/17/2023,122.79,4.18%,4.16%
5/18/2023,121.66,4.27%,4.25%
5/19/2023,121.85,4.28%,4.26%
5/22/2023,121.78,4.29%,4.27%
