type,maturity,denominated_currency,volume,coupon,settlement_date,maturity_date,usd_equivalent,isin,final_terms,institution
Green,6.050000,BRL,60000000.000000,0.107500,2025-09-23,2031-10-09,11290929.620000,XS2913418377,https://thedocs.worldbank.org/en/doc/17412056483857861356c88784d21ee7-0340022025/original/ft-XS2913418377.pdf,IBRD
Green,6.000000,BRL,60000000.000000,0.107500,2025-08-12,2031-10-09,10888106.560000,XS2913418377,https://thedocs.worldbank.org/en/doc/1243566b623b2bdf3170d1dbfcd836cb-0340022025/original/ft-XS2913418377.pdf,IBRD
Green,3.000000,USD,30000000.000000,0.046000,2024-02-16,2029-02-16,30000000.000000,US45906M4W82,,IBRD
Green,5.000000,BRL,200000000.000000,0.095000,2024-02-01,2029-02-09,40650406.500000,XS2439224705,https://thedocs.worldbank.org/en/doc/3ae206b493a0e9856f5afa1e2f3296f8-0340022024/original/ft-XS2439224705.pdf,IBRD
Green,5.000000, CNH ,200000000.000000,0.022500,2024-01-30,2029-01-19,27892057.740000,XS2437747210,https://thedocs.worldbank.org/en/doc/b294653de3574d60765a1e7f5ef4323d-0340022024/original/ft-2024-XS2437747210.pdf,IBRD
Green,7.000000, INR ,4500000000.000000,0.070000,2024-01-25,2031-01-25,54171180.930000,XS2749786195,https://thedocs.worldbank.org/en/doc/e3f34944f101a87c14fe5060c411643e-0340022024/original/ft-2024-XS2749786195.pdf,IBRD
Green,7.000000, CNH ,150000000.000000,0.025000,2024-01-16,2031-01-13,20939484.890000,XS2707161308,https://thedocs.worldbank.org/en/doc/98e6b0f46670b0a94cfdfb779f11ea0c-0340022024/original/ft-2024-XS2707161308.pdf,IBRD
Green,5.000000, BRL ,125000000.000000,0.095000,2024-01-11,2029-02-09,25354969.570000,XS2439224705,https://thedocs.worldbank.org/en/doc/216a48f3bb9eb0ab71c9598e9fdec7a7-0340022024/original/ft-2024-XS2439224705.pdf,IBRD
Green,5.000000,SEK,2500000000.000000,0.027500,2023-12-18,2028-12-18,239005736.140000,XS2735317930,,IBRD
Green,5.000000,CNH,150000000.000000,0.022500,2023-12-06,2029-01-19,21008697.600000,XS2437747210,https://thedocs.worldbank.org/en/doc/828d5619ebd63f30b46eb320c2540d5b-0340022023/original/ft-2023-XS2437747210.pdf,IBRD
Green,13.000000,AUD,30000000.000000,0.017800,2023-10-25,2036-09-30,19065000.000000,XS2390290786,,IBRD
Green,8.000000,CNH,500000000.000000,0.025000,2023-10-20,2031-01-13,68424725.960000,XS2707161308,https://thedocs.worldbank.org/en/doc/d2982afca3fab08df611efe8cc0f4da2-0340022023/original/ft-2023-XS2707161308.pdf,IBRD
Green,5.000000,KZT,5000000000.000000,0.127500,2023-10-10,2028-09-13,10474275.180000,XS2681932518,https://thedocs.worldbank.org/en/doc/31c2c48eae62d9ea670f1e98137714e1-0340022023/original/ft-2023-XS2681932518-v2.pdf,IBRD
Green,15.000000,EUR,25000000.000000,0.040000,2023-10-06,2038-09-19,26522500.000000,XS2690981555,https://thedocs.worldbank.org/en/doc/d43f9f7547c5f517c3fcad59b3e07ecf-0340022023/original/ft-2023-XS2690981555-t2.pdf,IBRD
Green,6.000000,IDR,800000000000.000000,0.062500,2023-10-04,2029-01-19,51513200.260000,XS2576077809,https://thedocs.worldbank.org/en/doc/d826bc4bb5454f0581910b6261b257c6-0340022023/original/ft-2023-XS2576077809-t2.pdf,IBRD
Green,6.000000,CNH,178000000.000000,0.022500,2023-08-22,2029-01-19,24336222.690000,XS2437747210,https://thedocs.worldbank.org/en/doc/bb7d7d02f27b03f680dbc7f1114406c5-0340022023/original/ft-2023-XS2437747210-t8.pdf,IBRD
Green,6.000000,BRL,100000000.000000,0.095000,2023-08-08,2029-02-09,20962602.720000,XS2439224705,https://thedocs.worldbank.org/en/doc/007e4577fa2b9cd11b0f3b306686b121-0340022023/original/ft-2023-XS2439224705-t3.pdf,IBRD
Green,6.000000,CNH,72000000.000000,0.022500,2023-08-02,2029-01-19,10013908.210000,XS2437747210,https://thedocs.worldbank.org/en/doc/2ccbb4b66ae33a94049ad15adb4548d9-0340022023/original/ft-2023-XS2437747210-t7.pdf,IBRD
Green,6.000000,INR,2000000000.000000,0.063000,2023-07-27,2029-02-02,24372410.430000,XS2581211716,https://thedocs.worldbank.org/en/doc/1b053615bdcc86142a687fee07950dfc-0340022023/original/ft-2023-XS2581211716-t2.pdf,IBRD
Green,15.000000,EUR,90000000.000000,0.039000,2023-07-19,2038-07-19,99198000.000000,XS2653488747,https://thedocs.worldbank.org/en/doc/c957cf41ccbd0ea3b6ab9ef4344eea61-0340022023/original/ft-2023-XS2653488747.pdf,IBRD
Green,6.000000,INR,850000000.000000,0.061000,2023-07-13,2029-02-09,10271903.000000,XS2439527271,https://thedocs.worldbank.org/en/doc/496135f0fb7b19cf0261ac7b7eea773b-0340022023/original/ft-2023-XS2439527271-t3.pdf,IBRD
Green,6.000000,BRL,100000000.000000,0.050000,2021-06-02,2026-01-22,18796992.480000,XS2288097640,https://thedocs.worldbank.org/en/doc/323b16b91c948bb058e8d2a925fbbea1-0340022021/original/ft-2021-US459058JX27.pdf,IBRD
Green,5.000000,ZAR,370000000.000000,0.053000,2021-05-18,2026-02-05,26453135.050000,XS2295730803,https://thedocs.worldbank.org/en/doc/ef784f92501911d518876c8a9cc7af99-0340022021/ft-2021-xs2295730803-t2,IBRD
Green,10.000000,RUB,4000000000.000000,0.000000,2021-05-06,2031-05-06,31272533.050000,XS2339217775,,IBRD
Green,7.000000,BRL,100000000.000000,0.058000,2021-04-30,2028-01-14,18248175.180000,XS2285181074,https://thedocs.worldbank.org/en/doc/f38645ae784891926c8387cab1752a5a-0340022021/original/ft-2021-XS2285181074-t2.pdf,IBRD
Green,5.000000,RUB,2000000000.000000,0.043000,2021-03-31,2026-01-22,26189665.560000,XS2288097137,,IBRD
Green,5.000000,CNH,150000000.000000,0.020000,2021-03-23,2026-02-18,23076923.080000,XS2298592853,https://thedocs.worldbank.org/en/doc/632e665942bd592c424d7a343e247c2b-0340022021/original/ft-2021-XS2298592853-t3.pdf,IBRD
Green,5.000000,MXN,500000000.000000,0.043000,2021-03-23,2026-01-22,24330900.240000,XS2288098457,https://thedocs.worldbank.org/en/doc/b830b6d3ea1acec70168c3e43732fa69-0340022021/original/ft-2021-XS2288098457-t2.pdf,IBRD
Green,5.000000,CNH,100000000.000000,0.020000,2021-03-22,2026-02-18,15276504.740000,XS2298592853,https://thedocs.worldbank.org/en/doc/afde81c84038832f752caecf79fd8b51-0340022021/original/ft-2021-XS2298592853-t2.pdf,IBRD
Green,30.000000,EUR,40000000.000000,0.008000,2021-03-11,2051-03-11,48140000.000000,XS2314316162,https://thedocs.worldbank.org/en/doc/36fac8052a6eac42b28d12faab5292ce-0340022021/original/ft-2021-XS2314316162.pdf,IBRD
Green,30.000000,EUR,30000000.000000,0.009000,2021-02-23,2051-02-23,36316500.000000,XS2302933929,http://pubdocs.worldbank.org/en/853071614660802497/ft-2021-XS2302933929.pdf,IBRD
Green,5.000000,CNH,200000000.000000,0.020000,2021-02-18,2026-02-18,30892801.980000,XS2298592853,http://pubdocs.worldbank.org/en/135051614660800116/ft-2021-XS2298592853.pdf,IBRD
Green,30.000000,EUR,50000000.000000,0.009000,2021-02-16,2051-02-16,59940000.000000,XS2299001375,http://pubdocs.worldbank.org/en/305621614660797684/ft-2021-XS2299001375.pdf,IBRD
Green,5.000000,IDR,550000000000.000000,0.045000,2021-02-16,2026-04-15,39159843.360000,XS2298592770,,IBRD
Green,5.000000,INR,3000000000.000000,0.049000,2021-02-12,2026-02-12,41135335.250000,XS2298593075,,IBRD
Green,5.500000,TRY,100000000.000000,0.123000,2021-02-10,2026-08-10,13966480.450000,XS2297900990,http://pubdocs.worldbank.org/en/787701614661315140/f-2021-XS2297900990.pdf,IBRD
Green ,5.000000,ZAR,380000000.000000,0.053000,2021-02-05,2026-02-05,25000000.000000,XS2295730803,http://pubdocs.worldbank.org/en/680211614660793064/ft-2021-XS2295730803.pdf,IBRD
Green,8.000000,SEK,2000000000.000000,0.250000,2021-01-29,2029-01-29,241429261.230000,XS2293578592,,IBRD
Green ,10.000000,AUD,130000000.000000,0.012000,2021-01-28,2031-01-28,100165000.000000,XS2288944510,,IBRD
Green ,5.000000,BRL,750000000.000000,0.050000,2021-01-22,2026-01-22,136936278.980000,XS2288097640,http://pubdocs.worldbank.org/en/712561611771638929/ft-2021-XS2288097640.pdf,IBRD
Green ,5.000000,MXN,3500000000.000000,0.043000,2021-01-22,2026-01-22,175087543.770000,XS2288098457,http://pubdocs.worldbank.org/en/102491611771618199/ft-2021-XS2288098457.pdf,IBRD
Green,5.000000,RUB,7500000000.000000,0.043000,2021-01-22,2026-01-22,101146325.020000,XS2288097137,,IBRD
Green ,5.000000,TRY,350000000.000000,0.120000,2021-01-22,2026-01-22,46604527.300000,XS2288098291,http://pubdocs.worldbank.org/en/155151611771622757/ft-2021-XS2288098291.pdf,IBRD
Green,5.000000,ZAR,250000000.000000,0.045000,2021-01-22,2026-01-22,16191709.840000,XS2288097053,,IBRD
Green ,7.000000,BRL,150000000.000000,0.058000,2021-01-15,2028-01-14,28105677.350000,XS2285181074,http://pubdocs.worldbank.org/en/352171611771632015/ft-2021-XS2285181074.pdf,IBRD
Green ,13.000000,USD,50000000.000000,0.000000,2020-12-02,2033-12-05,50000000.000000,XS2265026372,,IBRD
Green ,5.000000,MXN,103000000.000000,0.041000,2020-11-24,2025-11-25,5003108.710000,XS2261206457,,IBRD
Green ,7.000000,SEK,1000000000.000000,0.001000,2020-10-15,2027-10-15,112544847.710000,XS2243753360,,IBRD
Green ,2.000000,HKD,100000000.000000,0.003000,2020-09-03,2022-09-03,12902726.350000,XS2226667678,,IBRD
Green ,10.000000,AUD,15000000.000000,0.010000,2020-08-21,2030-08-21,10748835.540000,XS2212482520,http://pubdocs.worldbank.org/en/418471604090499367/ft-2020-XS2212482520.pdf,IBRD
Green ,2.000000,HKD,1000000000.000000,0.021000,2018-04-23,2020-04-23,127388535.000000,XS1811022505,,IBRD
Green,5.000000,INR,80000000.000000,0.045000,2018-04-05,2023-03-24,1229842.120000,XS1801822419,,IBRD
Green ,4.000000,TRY,125000000.000000,0.083000,2018-04-03,2022-03-04,31375502.010000,XS1198022706,,IBRD
Green ,4.000000,TRY,125000000.000000,0.083000,2018-03-01,2022-03-04,33389427.570000,XS1198022706,,IBRD
Green ,5.000000,INR,960900000.000000,0.058000,2018-02-27,2023-02-27,15042226.750000,XS1772335367,,IBRD
Green ,10.000000,INR,300000000.000000,0.052000,2018-02-14,2028-02-14,4725000.000000,XS1762688593,,IBRD
Green ,4.000000,TRY,50000000.000000,0.083000,2018-01-16,2022-03-04,13289036.540000,XS1198022706,,IBRD
Green ,4.000000,TRY,50000000.000000,0.083000,2017-12-20,2022-03-04,13054830.290000,XS1198022706,,IBRD
Green ,4.000000,TRY,25000000.000000,0.083000,2017-12-06,2022-03-04,6323670.760000,XS1198022706,,IBRD
Green,5.000000,INR,80000000.000000,0.041000,2017-11-28,2022-11-28,1232665.640000,XS1724511958,,IBRD
Green ,5.000000,INR,233100000.000000,0.048000,2017-10-30,2022-11-02,3579683.000000,XS1691470279,,IBRD
Green ,4.000000,TRY,50000000.000000,0.083000,2017-10-26,2022-03-04,13679890.560000,XS1198022706,,IBRD
Green,5.000000,USD,15000000.000000,0.000000,2017-09-28,2022-09-28,15000000.000000,US45905UN834,,IBRD
Green,5.000000,INR,1608700000.000000,0.050000,2017-09-27,2022-09-27,25100639.730000,XS1687324068,https://thedocs.worldbank.org/en/doc/2ddfcd1d5727221d6180ae07b3733740-0340022021/original/ft-2017-XS1687324068.pdf,IBRD
Green,5.000000,INR,200000000.000000,0.055000,2016-06-29,2021-06-28,2990431.000000,XS1432564133,http://pubdocs.worldbank.org/en/188831550243927511/ft-2016-XS1432564133.pdf,IBRD
Green,5.000000,INR,140000000.000000,0.054000,2016-06-29,2021-06-29,2091113.000000,XS1432390125,,IBRD
Green ,5.000000,INR,263000000.000000,0.053000,2016-06-29,2021-07-12,3907875.190000,XS1422798279,,IBRD
Green,10.000000,USD,100000000.000000,0.017000,2016-06-29,2026-06-29,100000000.000000,JP500102AGJ1,http://pubdocs.worldbank.org/en/887631550249434718/ft-2016-JP500102AGJ1.pdf,IBRD
Green ,20.000000,USD,5000000.000000,0.028000,2016-05-31,2036-05-31,5000000.000000,US45905UWL42,,IBRD
Green,5.000000,INR,835000000.000000,0.053000,2016-05-27,2021-06-02,12603773.580000,XS1401328965,,IBRD
Green ,5.000000,BRL,6000000.000000,0.000000,2016-04-27,2021-04-28,1137012.830000,XS1388500131,,IBRD
Green ,5.000000,INR,300000000.000000,0.056000,2016-04-27,2021-04-28,4521477.000000,XS1392102551,,IBRD
Green,2.000000,USD,280000000.000000,0.010000,2016-04-21,2018-10-01,280000000.000000,US45905UWE09,,IBRD
Green,12.000000,USD,50000000.000000,0.000000,2016-04-06,2028-04-06,50000000.000000,XS1386304395,http://pubdocs.worldbank.org/en/833271544553164048/ft-2016-XS1386304395.pdf,IBRD
Green,5.000000,INR,323700000.000000,0.057000,2016-03-30,2021-03-30,4809807.000000,XS1379598284,,IBRD
Green ,3.000000,USD,45000000.000000,0.012000,2016-03-29,2019-01-29,45000000.000000,US45905UVR21,,IBRD
Green ,1.000000,BRL,30000000.000000,0.095000,2016-03-22,2017-03-02,8298755.190000,XS0490455069,,IBRD
Green ,5.000000,BRL,7000000.000000,0.000000,2016-03-10,2021-03-11,1047000.000000,XS1353630814,,IBRD
Green ,5.000000,BRL,75000000.000000,0.118000,2016-02-29,2020-11-04,19035532.990000,XS1315186921,,IBRD
Green,10.000000,USD,12060000.000000,2.320000,2014-08-27,2024-08-27,12060000.000000,US45905UPY46,,IBRD
Green,10.000000,EUR,50000000.000000,0.000000,2014-08-07,2024-08-07,67350000.000000,XS1092466033,,IBRD
Green,3.000000,BRL,35000000.000000,0.095000,2014-08-04,2017-03-02,15704926.860000,XS0490455069,,IBRD
Green,5.000000,SEK,1500000000.000000,0.014000,2014-06-23,2019-06-23,224550898.200000,XS1078475024,http://pubdocs.worldbank.org/en/957701544553127388/ft-2014-XS1078475024.pdf,IBRD
Green,5.000000,AUD,24200000.000000,0.030000,2014-06-02,2019-06-03,22617320.000000,XS1070709586,https://thedocs.worldbank.org/en/doc/7c83851d02013843a5df4f04f84763c3-0340022021/original/ft-2014-XS1070709586.pdf,IBRD
Green,3.000000,BRL,100000000.000000,0.095000,2014-05-30,2017-03-02,45116174.150000,XS0490455069,,IBRD
Green,4.000000,BRL,465500000.000000,0.093000,2014-05-21,2018-05-21,210347943.970000,XS1066979490,,IBRD
Green,4.000000,TRY,335500000.000000,0.083000,2014-05-21,2018-05-21,161313587.840000,XS1066978419,,IBRD
Green,3.000000,BRL,125000000.000000,0.095000,2014-05-13,2017-03-02,55803571.430000,XS0490455069,,IBRD
Green,5.000000,AUD,300000000.000000,0.035000,2014-04-29,2019-04-29,281010000.000000,AU3CB0220424,http://pubdocs.worldbank.org/en/281711544553121638/ft-2014-AU3CB0220424.pdf,IBRD
Green,3.000000,BRL,35000000.000000,0.095000,2014-03-25,2017-03-02,14871468.030000,XS0490455069,,IBRD
Green,3.000000,EUR,550000000.000000,0.003000,2014-03-20,2017-03-20,765889100.000000,XS1047440448,http://pubdocs.worldbank.org/en/635161544553124627/ft-2014-XS1047440448.pdf,IBRD
Green,3.000000,BRL,30000000.000000,0.095000,2014-01-29,2017-03-02,12697875.220000,XS0490455069,,IBRD
Green,1.000000,USD,550000000.000000,0.000000,2014-01-22,2015-07-22,550000000.000000,US45905UNQ30,http://pubdocs.worldbank.org/en/853291544553123193/ft-2014-US45905UNQ30.pdf,IBRD
Green,3.000000,BRL,50000000.000000,0.095000,2013-12-18,2017-03-02,21440823.330000,XS0490455069,,IBRD
Green,3.500000,BRL,40000000.000000,9.500000,2013-09-05,2017-03-02,16902598.770000,XS0490455069,,IBRD
Green,2.000000,USD,550000000.000000,0.004000,2013-08-22,2015-08-24,550000000.000000,US45905UNJ96,http://pubdocs.worldbank.org/en/829311544553115646/ft-2013-US45905UNJ96.pdf,IBRD
Green,10.000000,RUB,529200000.000000,0.068000,2013-06-20,2013-06-20,16347208.280000,XS0945575347,http://pubdocs.worldbank.org/en/350581550243893737/ft-2013-XS0945575347.pdf,IBRD
Green,10.000000,ZAR,150000000.000000,0.070000,2013-06-14,2023-06-07,15113350.130000,XS0941866252,http://pubdocs.worldbank.org/en/262281544553120027/ft-2013-XS0941866252.pdf,IBRD
Green ,9.000000,MXN,150000000.000000,0.075000,2010-09-20,2020-03-05,11564704.520000,XS0490347415,,IBRD
Green,5.000000,USD,50000000.000000,0.014000,2010-09-01,2015-09-01,50000000.000000,XS0533647052,https://thedocs.worldbank.org/en/doc/9b10623f95ffbb7ddc9ad40570e02a97-0340022021/original/ft-2010-XS0533647052.pdf,IBRD
Green,5.000000,USD,10000000.000000,0.000000,2010-07-16,2015-07-16,10000000.000000,XS0521422021,,IBRD
Green,7.000000,AUD,25000000.000000,0.060000,2010-07-01,2017-02-15,21945000.000000,XS0490342028,,IBRD
Green,7.000000,HUF,400000000.000000,0.055000,2010-07-01,2017-05-19,1758241.760000,XS0490633939,,IBRD
Green,7.000000,HUF,800000000.000000,0.055000,2010-06-16,2017-05-19,3352892.000000,XS0490633939,,IBRD
Green,5.000000,MXN,40000000.000000,,2010-06-08,2015-06-08,3279000.000000,,,IBRD
Green,5.000000,ZAR,25000000.000000,,2010-06-08,2015-06-08,3392000.000000,,,IBRD
Green,7.000000,ZAR,150000000.000000,0.088000,2010-04-12,2017-03-01,20505809.980000,XS0490350393,,IBRD
Green,8.000000,SEK,100000000.000000,0.033000,2010-04-06,2017-12-15,13850415.510000,XS0485770241,,IBRD
Green,10.000000,MXN,200000000.000000,7.500000,2010-03-23,2020-03-05,15971889.470000,XS0490347415,,IBRD
Green,7.000000,BRL,20000000.000000,0.095000,2010-03-18,2017-03-02,11235955.060000,XS0490455069,,IBRD
Green,7.000000,HUF,1000000000.000000,0.055000,2010-03-10,2017-05-19,5053057.100000,XS0490633939,https://thedocs.worldbank.org/en/doc/c83d569abbaa95b28ed2f4db38daca8f-0340022021/original/ft-2010-XS0490633939-t2.pdf,IBRD
Green,10.000000,JPY,125000000.000000,0.009000,2010-03-09,2020-03-09,1398992.730000,XS0491921937,http://pubdocs.worldbank.org/en/617081544553075401/ft-2010-XS0491921937.pdf,IBRD
Green,7.000000,AUD,150000000.000000,0.060000,2010-03-05,2017-02-15,133950000.000000,XS0490342028,http://pubdocs.worldbank.org/en/723571550243808307/ft-2010-XS0490342028.pdf,IBRD
Green,7.000000,EUR,2000000.000000,0.025000,2010-03-05,2017-05-19,2700000.000000,XS0492037725,http://pubdocs.worldbank.org/en/795981544553076877/ft-2010-XS0492037725.pdf,IBRD
Green,10.000000,MXN,200000000.000000,0.075000,2010-03-05,2020-03-05,15479876.160000,XS0490347415,http://pubdocs.worldbank.org/en/961381544553054050/ft-2010-XS0490347415.pdf,IBRD
Green,7.000000,ZAR,100000000.000000,0.088000,2010-03-05,2017-03-01,12975217.330000,XS0490350393,http://pubdocs.worldbank.org/en/537731544553057068/ft-2010-XS0490350393.pdf,IBRD
Green,7.000000,NZD,50000000.000000,0.056000,2010-03-03,2017-03-03,34825000.000000,XS0490413571,http://pubdocs.worldbank.org/en/650521544553058785/ft-2010-XS0490413571.pdf,IBRD
Green,7.000000,BRL,40000000.000000,0.095000,2010-03-02,2017-03-02,21857923.500000,XS0490455069,http://pubdocs.worldbank.org/en/989691544553060387/ft-2010-XS0490455069.pdf,IBRD
Green,10.000000,COP,25000000000.000000,0.080000,2010-03-02,2020-03-02,12913223.140000,XS0490636791,http://pubdocs.worldbank.org/en/958931544553074001/ft-2010-XS0490636791.pdf,IBRD
Green,7.000000,HUF,1500000000.000000,0.055000,2010-03-02,2017-05-19,7451565.000000,XS0490633939,http://pubdocs.worldbank.org/en/696561544553070953/ft-2010-XS0490633939.pdf,IBRD
Green,7.000000,NOK,400000000.000000,0.038000,2010-03-02,2017-05-19,66666666.670000,XS0490567616,http://pubdocs.worldbank.org/en/153231544553069464/ft-2010-XS0490567616.pdf,IBRD
Green,7.000000,RUB,750000000.000000,0.075000,2010-03-02,2017-03-02,24916943.520000,XS0490457438,https://thedocs.worldbank.org/en/doc/587d60137fd799c7af259e4fc0abac3e-0340022021/original/ft-2010-XS0490457438.pdf,IBRD
Green,7.000000,TRY,50000000.000000,0.100000,2010-03-02,2017-03-02,32765399.740000,XS0490456034,http://pubdocs.worldbank.org/en/480011544553065037/ft-2010-XS0490456034.pdf,IBRD
Green,8.000000,SEK,100000000.000000,0.033000,2010-02-26,2017-12-15,13755158.180000,XS0485770241,http://pubdocs.worldbank.org/en/657661544553052566/ft-2010-XS0485770241-t2.pdf,IBRD
Green,8.000000,SEK,500000000.000000,0.033000,2010-02-22,2017-12-15,68743239.000000,XS0485770241,http://pubdocs.worldbank.org/en/771751544553051203/ft-2010-XS0485770241.pdf,IBRD
Green,5.000000,NZD,150000000.000000,0.052000,2010-02-02,2015-01-29,110700000.000000,XS0479886672,,IBRD
Green,4.000000,USD,50000000.000000,,2009-12-22,2013-12-04,50000000.000000,US45905UGT51,http://pubdocs.worldbank.org/en/474981544553048183/ft-2009-US45905UGT51-t2.pdf,IBRD
Green,9.000000,CNH,100000000.000000,0.027500,2025-02-24,2034-07-26,13788348.850000,XS2868924189,https://thedocs.worldbank.org/en/doc/b9124c5e427602ad29b60d50ab4b813a-0340022025/original/ft-XS2868924189-5.pdf,IBRD
Green,9.000000,CNH,75000000.000000,0.027500,2025-02-11,2034-07-26,10357685.400000,XS2868924189,https://thedocs.worldbank.org/en/doc/cb294019a4daff7a4216aeea14678d87-0340022025/original/ft-XS2868924189-4.pdf,IBRD
Green,7.000000,BRL,75000000.000000,0.107500,2025-01-15,2031-10-09,12350354.870000,XS2913418377,https://thedocs.worldbank.org/en/doc/fee4429313bd913d0e8499828c8ed659-0340022025/original/ft-XS2913418377.pdf,IBRD
Green,10.000000,CNH,150000000.000000,0.027500,2025-01-14,2034-07-26,20454359.510000,XS2868924189,https://thedocs.worldbank.org/en/doc/4615b7ca0d9ec3d3d32fdf4c0f80acd6-0340022025/original/ft-XS2868924189.pdf,IBRD
Green,5.000000,USD,25000000.000000,0.042880,2024-11-06,2029-10-30,25000000.000000,US45906M5W73,,IBRD
Green,7.000000,BRL,175000000.000000,0.107500,2024-10-18,2031-10-09,31291908.810000,XS2913418377,https://thedocs.worldbank.org/en/doc/d7ee96d0447155cd23264adb4a21a5f2-0340022024/original/ft-XS2913418377.pdf,IBRD
Green,5.000000,BRL,100000000.000000,0.058000,2023-06-16,2028-01-14,18158331.630000,XS2285181074,https://thedocs.worldbank.org/en/doc/8a06781ff19b5565df1d95411cf320e1-0340022023/original/ft-2023-XS2285181074-t5.pdf,IBRD
Green,6.000000,CNH,100000000.000000,0.023000,2023-06-09,2029-01-19,14144271.570000,XS2437747210,https://thedocs.worldbank.org/en/doc/b01bff41636413818abff2804550002f-0340022023/original/ft-2023-XS2437747210-t6.pdf,IBRD
Green,5.000000,UYU,390000000.000000,0.096000,2023-05-25,2028-05-25,10000000.000000,XS2628482486,https://thedocs.worldbank.org/en/doc/d5036300610c1221e8fdab83e154cb44-0340022023/original/ft-2023-XS2628482486.pdf,IBRD
Green,6.000000,INR,2000000000.000000,0.061000,2023-05-16,2029-02-09,24360535.930000,XS2439527271,https://thedocs.worldbank.org/en/doc/d11d0429634c806ada9970321b2f116c-0340022023/original/ft-2023-XS2439527271-t2.pdf,IBRD
Green,6.000000,BRL,105000000.000000,0.095000,2023-05-16,2029-02-09,20877241.820000,XS2439224705,https://thedocs.worldbank.org/en/doc/8e8d9c96aecc0b15162b3e917595df72-0340022023/original/ft-2023-XS2439224705-t2.pdf,IBRD
Green,6.000000,CNH,100000000.000000,0.023000,2023-05-05,2029-01-19,14429597.990000,XS2437747210,https://thedocs.worldbank.org/en/doc/5e25a7dd0a3430c8e56f8ae2c8940030-0340022023/original/ft-2023-XS2437747210-t5.pdf,IBRD
Green,10.000000,EUR,10000000.000000,0.035000,2023-04-21,2033-04-21,11058500.000000,XS2614692197,https://thedocs.worldbank.org/en/doc/8585b6dae2e86808e1eb57602aaefa8f-0340022023/original/ft-2023-XS2614692197.pdf,IBRD
Green,10.000000,INR,850000000.000000,0.063000,2023-02-28,2033-02-28,10275628.630000,XS2589830095,https://thedocs.worldbank.org/en/doc/8d5f9d20448509635465640eb6a09e7d-0340022023/original/ft-2023-XS2589830095.pdf,IBRD
Green,6.000000,IDR,600000000000.000000,0.054000,2023-02-14,2029-02-09,100000000.000000,XS2439526547,https://thedocs.worldbank.org/en/doc/444e790490e8cf560be291e5f0c309ff-0340022023/original/ft-2023-XS2439526547.pdf,IBRD
Green,6.000000,ZAR,250000000.000000,0.068000,2023-02-10,2029-02-09,5000000000.000000,XS2439224374,https://thedocs.worldbank.org/en/doc/45ca376c9935109e69f6109890f9f29b-0340022023/original/ft-2023-XS2439224374.pdf,IBRD
Green,6.000000,INR,2500000000.000000,0.063000,2023-02-02,2029-02-02,50000000.000000,XS2581211716,https://thedocs.worldbank.org/en/doc/342705247bc9761d3505e1e082a9d3a4-0340022023/original/ft-2023-XS2581211716.pdf,IBRD
Green,6.000000,IDR,300000000000.000000,0.054000,2023-01-30,2029-02-09,30731407.500000,XS2439526547,https://thedocs.worldbank.org/en/doc/0e9ae9896fb187271b4a684decd07f43-0340022023/original/ft-2023-XS2439526547-t2.pdf,IBRD
Green,5.000000,BRL,150000000.000000,0.058000,2023-01-23,2028-01-14,23850293.540000,XS2285181074,https://thedocs.worldbank.org/en/doc/6630566e749327b8199d27ae60bd8570-0340022023/original/ft-2023-XS2285181074.pdf,IBRD
Green,6.000000,IDR,800000000000.000000,0.063000,2023-01-19,2029-01-19,51183621.240000,XS2576077809,https://thedocs.worldbank.org/en/doc/81b1afd2601259a5e857d209942e36e3-0340022023/original/ft-2023-XS2576077809.pdf,IBRD
Green,7.000000,COP,110000000000.000000,0.000000,2023-01-19,2030-01-19,10316004.080000,XS2576257294,https://thedocs.worldbank.org/en/doc/bca56db2cb2a8a7ec6d34cc666860cc2-0340022023/original/ft-2023-XS2576257294.pdf,IBRD
Green,5.000000,PEN,50000000.000000,0.060000,2023-01-19,2028-01-19,13157894.740000,XS2576297597,https://thedocs.worldbank.org/en/doc/e52ed6e708533cb06afd92d811da6dca-0340022023/original/ft-2023-XS2576297597.pdf,IBRD
Green,6.000000,CNH,100000000.000000,0.023000,2023-01-19,2029-01-19,14717786.440000,XS2437747210,https://thedocs.worldbank.org/en/doc/a6b4a1d7362145fc68c15c62b5df28ad-0340022023/original/ft-2023-XS2437747210-t4.pdf,IBRD
Green,12.000000,EUR,50000000.000000,0.029000,2022-12-15,2034-12-15,52187500.000000,XS2564580806,https://thedocs.worldbank.org/en/doc/6242b3475cc09eb33ffc1f999ac304d0-0340022022/original/ft-2022-XS2564580806.pdf,IBRD
Green,6.000000,ZAR,300000000.000000,0.068000,2022-10-06,2029-02-09,14451869.490000,XS2439224374,https://thedocs.worldbank.org/en/doc/6ef1270777d7f460ebef3a917d537e0d-0340022022/original/ft-2022-XS2439224374.pdf,IBRD
Green,15.000000,EUR,10000000.000000,0.041000,2022-10-05,2037-10-05,9574000.000000,XS2542162834,,IBRD
Green,7.000000,CNH,225000000.000000,0.023000,2022-09-02,2029-01-19,32798833.820000,XS2437747210,https://thedocs.worldbank.org/en/doc/dddf4f59287b70d3af805c69e84e7cfc-0340022022/original/ft-2022-XS2437747210-t3.pdf,IBRD
Green ,5.000000,RUB,2500000000.000000,0.040000,2020-06-16,2025-07-01,36363636.360000,XS2189921294,http://pubdocs.worldbank.org/en/914121604084493140/ft-2020-XS2189921294.pdf,IBRD
Green ,4.000000,INR,220000000.000000,0.042000,2020-01-24,2023-12-18,3106414.460000,XS1922288169,http://pubdocs.worldbank.org/en/761751604085120749/ft-2020-XS1922288169-t4.pdf,IBRD
Green ,20.000000,DKK,1000000000.000000,0.002000,2020-01-22,2039-11-15,149160227.920000,XS2086462657,http://pubdocs.worldbank.org/en/590471604085148486/ft-2020-XS2086462657-t2.pdf,IBRD
Green ,5.000000,USD,5000000.000000,1.700000,2019-12-30,2024-12-15,5000000.000000,US45905U4Z43,,IBRD
Green ,5.000000,USD,100000000.000000,0.021000,2019-12-17,2025-03-03,100000000.000000,US45905URL07,http://pubdocs.worldbank.org/en/923391604344695190/ft-2019-US45905URL07-t2.pdf,IBRD
Green ,30.000000,EUR,50000000.000000,0.010000,2019-12-13,2049-12-13,55042500.000000,XS2089365733,http://pubdocs.worldbank.org/en/658371604082433464/ft-2019-XS2089365733.pdf,IBRD
Green ,5.000000,MXN,40000000.000000,0.042000,2019-12-11,2024-12-11,2042900.920000,XS2091504410,http://pubdocs.worldbank.org/en/965101604082513962/ft-2019-XS2091504410.pdf,IBRD
Green ,20.000000,DKK,3000000000.000000,0.002000,2019-12-04,2039-11-15,443865775.000000,XS2086462657,http://pubdocs.worldbank.org/en/963241604082426274/ft-2019-XS2086462657.pdf,IBRD
Green ,6.000000,AUD,125000000.000000,0.029000,2019-12-03,2025-11-26,84825000.000000,AU3CB0258739,http://pubdocs.worldbank.org/en/165341604001302286/ft-2019-AU3CB0258739-t3.pdf,IBRD
Green ,5.000000,INR,220000000.000000,0.040000,2019-11-27,2024-10-03,3067698.530000,XS2057172699,http://pubdocs.worldbank.org/en/537161604082471506/ft-2019-XS2057172699-t2.pdf,IBRD
Green ,6.000000,USD,100000000.000000,0.031000,2019-11-12,2025-11-20,100000000.000000,US45905U6L39,http://pubdocs.worldbank.org/en/200461604082440772/ft-2019-US45905U6L39-t2.pdf,IBRD
Green ,6.000000,ZAR,250000000.000000,0.070000,2017-09-20,2023-06-07,18982536.070000,XS0941866252,,IBRD
Green,4.000000,TRY,50000000.000000,0.083000,2017-09-08,2022-03-04,14475969.890000,XS1198022706,http://pubdocs.worldbank.org/en/549061544553137553/ft-2015-XS1198022706-t8.pdf,IBRD
Green,5.000000,USD,15000000.000000,0.000000,2017-08-23,2022-08-23,15000000.000000,US45905UL366,,IBRD
Green ,5.000000,TRY,75000000.000000,0.083000,2017-08-17,2022-03-04,21177467.170000,XS1198022706,,IBRD
Green ,5.000000,TRY,25000000.000000,0.083000,2017-06-30,2022-03-04,7092198.580000,XS1198022706,,IBRD
Green ,5.000000,TRY,50000000.000000,0.083000,2017-06-23,2022-03-04,14206159.790000,XS1198022706,,IBRD
Green ,5.000000,TRY,25000000.000000,0.083000,2017-05-11,2022-03-04,7070335.700000,XS1198022706,,IBRD
Green,5.000000,USD,300000000.000000,0.020000,2017-04-12,2022-04-12,300000000.000000,US45905UG408,http://pubdocs.worldbank.org/en/700631544553165402/ft-2017-US45905UG408.pdf,IBRD
Green,5.000000,USD,50000000.000000,0.000000,2017-04-12,2022-04-12,50000000.000000,US45905UG572,http://pubdocs.worldbank.org/en/952811544553166764/ft-2017-US45905UG572.pdf,IBRD
Green,3.000000,MYR,65000000.000000,0.030000,2017-03-13,2020-03-13,14618896.610000,XS1576723552,http://pubdocs.worldbank.org/en/302211544553170997/ft-2017-XS1576723552.pdf,IBRD
Green,6.000000,ZAR,100000000.000000,0.070000,2017-03-08,2023-06-07,7662835.250000,XS0941866252,,IBRD
Green ,5.000000,INR,378500000.000000,0.055000,2016-02-26,2021-02-26,5597000.000000,XS1363062354,,IBRD
Green ,5.000000,INR,607000000.000000,0.058000,2016-01-28,2021-01-29,9120000.000000,XS1342540090,,IBRD
Green,7.500000,USD,16387700.000000,0.000000,2016-01-08,2024-07-08,16387700.000000,XS1319581960,,IBRD
Green,10.000000,USD,1440000.000000,0.000000,2015-12-31,2025-12-31,1440000.000000,US45905UUG74,,IBRD
Green ,4.000000,COP,50000000000.000000,0.080000,2015-12-29,2020-03-02,14956625.790000,XS0490636791,,IBRD
Green ,5.000000,INR,1470000000.000000,0.058000,2015-12-21,2020-12-22,22143889.270000,XS1327417272,,IBRD
Green,5.000000,INR,205000000.000000,0.000000,2015-11-27,2020-11-30,2412577.970000,XS1314903052,,IBRD
Green,5.000000,BRL,100000000.000000,0.118000,2015-11-04,2020-11-04,25641025.640000,XS1315186921,http://pubdocs.worldbank.org/en/782911544553161009/ft-2015-XS1315186921.pdf,IBRD
Green,5.000000,USD,1000000.000000,0.012000,2015-11-02,2020-11-04,1000000.000000,XS1296575373,,IBRD
Green,7.000000,USD,1000000.000000,0.016000,2015-11-02,2022-11-04,1000000.000000,XS1296575969,,IBRD
Green,10.000000,USD,1000000.000000,0.020000,2015-11-02,2025-11-04,1000000.000000,XS1296661298,https://thedocs.worldbank.org/en/doc/f5878fdd9afd54d354f451d29ea618aa-0340022021/original/ft-2015-XS1296661298.pdf,IBRD
Green,10.000000,USD,2460000.000000,0.000000,2015-10-30,2025-10-30,2460000.000000,US45905UTF11,,IBRD
Green,10.000000,USD,50000000.000000,0.000000,2015-07-03,2025-07-03,50000000.000000,XS1249904597,http://pubdocs.worldbank.org/en/425101544553155253/ft-2015-XS1249904597.pdf,IBRD
Green,10.000000,USD,1330000.000000,0.000000,2015-06-30,2025-06-30,1330000.000000,US45905USP02,http://pubdocs.worldbank.org/en/388671544553136158/ft-2015-US45905USP02.pdf,IBRD
Green,8.000000,USD,83540000.000000,0.000000,2015-06-29,2023-07-05,83540000.000000,XS1233613188,http://pubdocs.worldbank.org/en/215251544553150986/ft-2015-XS1233613188.pdf,IBRD
Green,5.000000,INR,260000000.000000,0.056000,2015-06-25,2020-06-25,4080992.000000,XS1241051967,,IBRD
Green,10.000000,ZAR,150000000.000000,0.070000,2013-06-07,2023-06-07,14925373.130000,XS0941866252,http://pubdocs.worldbank.org/en/262281544553120027/ft-2013-XS0941866252.pdf,IBRD
Green,6.000000,MXN,50000000.000000,0.005000,2013-02-27,2019-02-28,3377582.280000,XS0887320900,,IBRD
Green,5.000000,ZAR,83000000.000000,0.005000,2013-01-30,2018-01-31,8023269.280000,XS0873237068,,IBRD
Green,7.000000,MYR,6500000.000000,0.025000,2013-01-09,2019-12-10,2120371.880000,XS0862778833,https://thedocs.worldbank.org/en/doc/e9538332a280910ac16fba147e25d48b-0340022021/original/ft-2012-XS0862778833.pdf,IBRD
Green,7.000000,MYR,16500000.000000,0.025000,2012-12-10,2019-12-10,5426560.550000,XS0862778833,,IBRD
Green,7.000000,RUB,250000000.000000,0.065000,2012-11-30,2019-07-26,7988496.560000,XS0809448375,,IBRD
Green,5.000000,AUD,94500000.000000,0.029000,2012-10-23,2017-10-24,97750800.000000,XS0840338981,http://pubdocs.worldbank.org/en/819661550243877173/ft-2012-XS0840338981.pdf,IBRD
Green,10.000000,AUD,42200000.000000,0.005000,2012-10-23,2022-10-24,31980594.800000,XS0840332869,https://thedocs.worldbank.org/en/doc/aa8df3a8b59002bc981f56298f9ba663-0340022021/original/ft-2012-XS0840332869.pdf,IBRD
Green,5.000000,USD,10000000.000000,0.005000,2012-10-12,2017-10-12,10000000.000000,XS0831238182,,IBRD
Green,7.000000,COP,10000000000.000000,0.080000,2012-09-11,2020-03-02,5488474.200000,XS0490636791,,IBRD
Green,7.000000,RUB,500000000.000000,0.065000,2012-07-26,2019-07-26,15479876.160000,XS0809448375,http://pubdocs.worldbank.org/en/206351541195893322/ft-2012-XS0809448375.pdf,IBRD
Green,5.000000,USD,10000000.000000,0.006000,2012-07-12,2017-07-12,10000000.000000,US45905ULE28,https://thedocs.worldbank.org/en/doc/ff5689b8bc98d6ed8986fbcac7d0a7d7-0340022021/original/ft-2012-US45905ULE28.pdf,IBRD
Green,10.000000,USD,5000000.000000,0.015000,2012-07-12,2022-07-12,5000000.000000,US45905ULF92,https://thedocs.worldbank.org/en/doc/0d2f8bb1965e98e7abb0336e54bec274-0340022021/original/ft-2012-US45905ULF92.pdf,IBRD
Green,4.000000,USD,130000000.000000,0.020000,2009-12-04,2013-12-04,130000000.000000,US45905UGT51,http://pubdocs.worldbank.org/en/126321544553046769/ft-2009-US45905UGT51.pdf,IBRD
Green,3.000000,USD,300000000.000000,0.000000,2009-04-24,2012-04-24,300000000.000000,US45905UGD00,http://pubdocs.worldbank.org/en/679801544553045378/ft-2009-US45905UGD00.pdf,IBRD
Green,6.000000,SEK,150000000.000000,0.035000,2009-02-13,2014-11-12,18382352.940000,XS0398811959,http://pubdocs.worldbank.org/en/384091544553042556/ft-2008-XS0398811959-t3.pdf,IBRD
Green,7.000000,BRL,200000000.000000,0.107500,2024-10-09,2031-10-09,36893562.070000,XS2913418377,https://thedocs.worldbank.org/en/doc/d7ee96d0447155cd23264adb4a21a5f2-0340022024/original/ft-XS2913418377.pdf,IBRD
Green,6.000000,CNH,300000000.000000,0.025000,2024-08-08,2031-01-13,41352502.520000,XS2707161308,https://thedocs.worldbank.org/en/doc/ff7c1e53789047f0f0d03fdd55450f9a-0340022024/original/ft-XS2707161308.pdf,IBRD
Green,10.000000,CNH,400000000.000000,0.027500,2024-08-06,2034-07-26,54474590.280000,XS2868924189,https://thedocs.worldbank.org/en/doc/e38efa5583d9aad0daf19f10ce76ba97-0340022024/original/ft-XS2868924189.pdf,IBRD
Green,10.000000, CNH ,350000000.000000,0.027500,2024-07-26,2034-07-26,48070320.010000,XS2868924189,https://thedocs.worldbank.org/en/doc/e8fffb0b43946defa85479776c20d962-0340022024/original/ft-XS2868924189.pdf,IBRD
Green,7.000000,CNH,250000000.000000,0.025000,2024-06-26,2031-01-13,34359538.210000,XS2707161308,https://thedocs.worldbank.org/en/doc/d414b084e3cae453509e1c942ab53cdf-0340022024/original/ft2024-XS2707161308.pdf,IBRD
Green,5.000000,CNH,400000000.000000,0.023000,2024-05-07,2029-01-19,55053195.150000,XS2437747210,https://thedocs.worldbank.org/en/doc/2dfa3da00d9315a88f620e718705838e-0340022024/original/ft2024-XS2437747210.pdf,IBRD
Green,7.000000,CNH,400000000.000000,0.025000,2024-05-07,2031-01-13,55053195.150000,XS2707161308,https://thedocs.worldbank.org/en/doc/d414b084e3cae453509e1c942ab53cdf-0340022024/original/ft2024-XS2707161308.pdf,IBRD
Green,8.000000,EUR,150000000.000000,0.036000,2024-04-25,2039-04-25,159491250.000000,XS2809161537,https://thedocs.worldbank.org/en/doc/bd8b911fc92bb25591cebc28bb0d29bc-0340022024/original/ft2024-XS2809161537.pdf,IBRD
Green,5.000000,BRL,275000000.000000,0.095000,2024-04-15,2029-02-09,54552668.120000,XS2439224705,https://thedocs.worldbank.org/en/doc/4386351df81e2ea564b30e712ac2daec-0340022024/original/ft2024-XS2439224705.pdf,IBRD
Green,3.000000,USD,25000000.000000,0.048000,2024-04-10,2029-03-27,25000000.000000,US45906M5F41,,IBRD
Green,5.000000,USD,150000000.000000,0.044000,2024-04-09,2029-04-02,150000000.000000,US45906M5E75,,IBRD
Green,7.000000,CNH,100000000.000000,0.025000,2024-04-03,2031-01-13,13793674.220000,XS2707161308,https://thedocs.worldbank.org/en/doc/97173251ad8f92ce9c194a4e0723a835-0340022024/original/ft2024-XS2707161308.pdf,IBRD
Green,5.000000,PLN,11600000.000000,0.057000,2022-08-02,2027-08-02,2481442.660000,XS2512017570,https://thedocs.worldbank.org/en/doc/bd5bac9b5109b233fe0198c18b4f7fd0-0340022022/original/ft-2022-XS2512017570.pdf,IBRD
Green,7.000000,CNH,225000000.000000,0.023000,2022-04-28,2029-01-19,34886425.300000,XS2437747210,https://thedocs.worldbank.org/en/doc/9bb5853e4eb0e9ef5fa486d2fb6798de-0340022022/original/ft-2022-XS2437747210.pdf,IBRD
Green,5.000000,PHP,2750000000.000000,0.048000,2022-04-22,2027-04-22,52783109.410000,XS2471066188,https://thedocs.worldbank.org/en/doc/d0ea343af333bb53f11d3344467718e4-0340022022/original/ft-2022-XS2471066188.pdf,IBRD
Green,5.000000,MXN,500000000.000000,0.073000,2022-04-12,2027-01-21,25125628.140000,XS2431032585,https://thedocs.worldbank.org/en/doc/e9764ba9788acca1e4645a6b024c59a5-0340022022/original/ft-2022-XS2431032585.pdf,IBRD
Green,5.000000,MXN,1100000000.000000,0.068000,2022-02-11,2027-06-17,53011537.240000,XS2444203462,https://thedocs.worldbank.org/en/doc/f6b46d8efe017a31d9b3c7c7f223a0be-0340022022/original/ft-2022-XS2444203462.pdf,IBRD
Green,7.000000,SEK,4000000000.000000,0.009000,2022-02-10,2028-08-10,434584211.600000,XS2443432526,https://thedocs.worldbank.org/en/doc/2ee8d467bec83dff48a9be50c40518d6-0340022022/original/ft-2022-XS2443432526.pdf,IBRD
Green ,7.000000,MXN,1250000000.000000,0.069000,2022-02-09,2029-02-09,60735039.750000,XS2439227047,https://thedocs.worldbank.org/en/doc/9432c736ecf816d43c8901505283f24e-0340022022/original/ft-2022-XS2439227047.pdf,IBRD
Green ,7.000000,INR,2250000000.000000,0.061000,2022-02-09,2029-02-09,30032034.170000,XS2439527271,https://thedocs.worldbank.org/en/doc/61d3609cd5bd68c143bc5609afff5ec9-0340022022/original/ft-2022-XS2439527271.pdf,IBRD
Green ,7.000000,IDR,715000000000.000000,0.054000,2022-02-09,2029-02-09,50017488.630000,XS2439526547,https://thedocs.worldbank.org/en/doc/58470c3d7fcacd95a78c202a1397ea8f-0340022022/original/ft-2022-XS2439526547.pdf,IBRD
Green ,7.000000,ZAR,800000000.000000,0.068000,2022-02-09,2029-02-09,52835272.830000,XS2439224374,https://thedocs.worldbank.org/en/doc/33afb517cd621714e7feeac1ee1770af-0340022022/original/ft-2022-XS2439224374.pdf,IBRD
Green ,7.000000,BRL,425000000.000000,0.095000,2022-02-09,2029-02-09,78387251.470000,XS2439224705,https://thedocs.worldbank.org/en/doc/b4fd1826bedcc98ee8199cfd9b9be941-0340022022/original/ft-2022-XS2439224705.pdf,IBRD
Green,7.000000,CNY,150000000.000000,0.023000,2022-01-28,2029-01-19,23656694.060000,XS2437747210,https://thedocs.worldbank.org/en/doc/cec7e850aa53e42db0b0e43d8dcae101-0340022022/original/ft-2022-XS2437747210.pdf,IBRD
Green,5.000000,ZAR,350000000.000000,0.065000,2022-01-21,2027-01-21,22335673.260000,XS2431025613,https://thedocs.worldbank.org/en/doc/cb0ea8faf299c558a3db0ecf139d38f0-0340022022/original/ft-2022-XS2431025613.pdf,IBRD
Green,5.000000,RUB,2000000000.000000,0.068000,2022-01-21,2027-01-21,26136957.660000,XS2431024996,https://thedocs.worldbank.org/en/doc/c48efc5697856c75b2d0eea4775b08cb-0340022022/original/ft-2022-XS2431024996.pdf,IBRD
Green,5.000000,MXN,500000000.000000,0.073000,2022-01-21,2027-01-21,24425989.250000,XS2431032585,https://thedocs.worldbank.org/en/doc/0e9c989e61144ae4ebefe5644c50fa25-0340022022/original/ft-2022-XS2431032585.pdf,IBRD
Green,5.000000,INR,2000000000.000000,0.055000,2022-01-21,2027-01-21,26881720.430000,XS2431029953,https://thedocs.worldbank.org/en/doc/667ece3e20e234ebda2b0e786b87ee67-0340022022/original/ft-2022-XS2431029953.pdf,IBRD
Green,5.000000,IDR,400000000000.000000,0.048000,2022-01-21,2027-01-21,27799013.140000,XS2431024210,https://thedocs.worldbank.org/en/doc/26e24e46c95467b6be66dc3bb4118441-0340022022/original/ft-2022-XS2431024210.pdf,IBRD
Green,5.000000,BRL,150000000.000000,0.098000,2022-01-21,2027-01-21,26315789.470000,XS2431032403,https://thedocs.worldbank.org/en/doc/71232a1608ef6b5b75abed3dfe031a54-0340022022/original/ft-2022-XS2431032403.pdf,IBRD
Green,5.000000,CLP,25000000000.000000,0.048000,2021-11-30,2026-11-30,29913251.570000,XS2413639704,https://thedocs.worldbank.org/en/doc/851dc8055affa3fed66e7943f01864f6-0340022021/original/ft-2021-XS2413639704.pdf,IBRD
Green,5.000000,COP,150000000000.000000,0.050000,2021-10-07,2026-10-07,39015762.370000,XS2393510008,https://thedocs.worldbank.org/en/doc/807f09ecf73eb2a5a6eb877f3166c9a7-0340022021/original/ft-2021-XS2393510008.pdf,IBRD
Green,5.000000,MXN,1500000000.000000,0.063000,2021-10-07,2026-10-07,73964497.040000,XS2393511071,https://thedocs.worldbank.org/en/doc/de085d9d5ca5ec5f681dda55a4410e32-0340022021/original/ft-2021-XS2393511071.pdf,IBRD
Green,5.000000,RUB,3500000000.000000,0.053000,2021-10-07,2026-10-07,48129812.980000,XS2393509414,https://thedocs.worldbank.org/en/doc/b8a5b5ca06dd8d8a227d80492141bf7b-0340022021/original/ft-2021-XS2393509414.pdf,IBRD
Green,15.000000,AUD,274000000.000000,0.018000,2021-09-30,2036-09-30,199746000.000000,XS2390290786,,IBRD
Green,15.000000,NZD,241000000.000000,0.024000,2021-09-30,2036-09-30,170314700.000000,XS2390291750,,IBRD
Green,5.000000,ZAR,500000000.000000,0.045000,2021-06-21,2026-01-22,36310820.620000,XS2288097053,https://thedocs.worldbank.org/en/doc/69f69fbec23c676a6e890a61873d3948-0340022021/original/ft-2021-XS2288097053-t2.pdf,IBRD
Green,5.000000,BRL,150000000.000000,0.050000,2021-06-21,2026-01-22,29382957.880000,XS2288097640,https://thedocs.worldbank.org/en/doc/ba71f94a330df3b7a3d0a7c814368d10-0340022021/original/ft-2021-XS2288097640-t3.pdf,IBRD
Green,5.000000,CNH,250000000.000000,0.020000,2021-06-18,2026-02-18,39123630.670000,XS2298592853,https://thedocs.worldbank.org/en/doc/df3f02aa6ca53652afe5b800c18b55a9-0340022021/original/ft-2021-XS2298592853-t4.pdf,IBRD
Green ,5.000000,INR,220000000.000000,0.040000,2019-10-03,2024-10-03,3098591.550000,XS2057172699,http://pubdocs.worldbank.org/en/263411604082448017/ft-2019-XS2057172699.pdf,IBRD
Green ,10.000000,MXN,30000000.000000,0.052000,2019-09-12,2029-09-12,1543766.000000,XS2043956676,,IBRD
Green ,4.000000,INR,140000000.000000,0.042000,2019-07-09,2023-12-18,2030000.000000,XS1922288169,,IBRD
Green ,10.000000,MXN,1920000000.000000,0.071000,2019-06-26,2029-06-26,100600000.000000,XS2017796694,,IBRD
Green ,5.000000,JPY,1000000000.000000,0.000000,2019-06-20,2024-06-21,9180000.000000,XS2008827177,,IBRD
Green ,5.000000,USD,1884000.000000,2.400000,2019-04-30,2024-04-15,1884000.000000,US45905U2W30,,IBRD
Green ,5.000000,GBP,27000000.000000,0.011000,2019-04-04,2024-04-04,35340000.000000,XS1975868693,,IBRD
Green ,7.000000,AUD,200000000.000000,0.029000,2019-04-03,2025-11-26,142010000.000000,AU3CB0258739,,IBRD
Green,9.000000,EUR,250000000.000000,0.006000,2019-04-03,2027-11-22,285800000.000000,XS1912495691,,IBRD
Green,5.000000,USD,3902000.000000,0.000000,2019-03-22,2024-03-15,3900000.000000,US45905U2L74,,IBRD
Green,4.000000,INR,160000000.000000,0.050000,2019-03-15,2023-08-07,2278400.620000,XS1863327331,,IBRD
Green ,5.000000,TRY,13000000.000000,0.083000,2017-02-27,2022-03-04,3539726.620000,XS1198022706,,IBRD
Green,3.000000,MXN,550000000.000000,0.075000,2017-02-07,2020-03-05,26570048.310000,XS0490347415,http://pubdocs.worldbank.org/en/733131544553055549/ft-2010-XS0490347415-t10.pdf,IBRD
Green ,5.000000,TRY,12000000.000000,0.083000,2017-01-30,2022-03-04,3140950.140000,XS1198022706,,IBRD
Green,5.000000,USD,500000000.000000,0.018000,2016-11-22,2021-11-22,500000000.000000,US45905UZT41,,IBRD
Green ,3.000000,MXN,150000000.000000,0.075000,2016-11-18,2020-03-05,7281553.400000,XS0490347415,,IBRD
Green,3.000000,USD,100000000.000000,0.012000,2016-11-14,2019-12-15,100000000.000000,XS1517268105,,IBRD
Green ,3.000000,MXN,150000000.000000,0.075000,2016-10-18,2020-03-05,7905554.970000,XS0490347415,,IBRD
Green,10.000000,USD,1030000.000000,0.000000,2016-09-30,2026-09-30,1030000.000000,US45905UYK41,http://pubdocs.worldbank.org/en/882011544553162552/ft-2016-US45905UYK41.pdf,IBRD
Green,10.000000,USD,29687000.000000,0.000000,2015-05-22,2025-05-22,29687000.000000,US45905URZ92,,IBRD
Green,5.000000,INR,63000000.000000,0.052000,2015-05-21,2020-05-22,1012294.260000,XS1218772793,,IBRD
Green,10.000000,USD,50000000.000000,0.000000,2015-05-15,2025-05-15,50000000.000000,XS1225604815,http://pubdocs.worldbank.org/en/369311544553149492/ft-2015-XS1225604815.pdf,IBRD
Green,10.000000,MXN,263000000.000000,0.053000,2015-05-08,2015-05-18,17372565.000000,XS1233786950,http://pubdocs.worldbank.org/en/127361544553152382/ft-2015-XS1233786950.pdf,IBRD
Green,10.000000,USD,80000000.000000,0.020000,2015-05-08,2025-05-08,80000000.000000,XS1225179420,http://pubdocs.worldbank.org/en/398531550249432973/ft-2015-XS1225179420.pdf,IBRD
Green,7.000000,USD,10000000.000000,0.000000,2015-04-30,2022-05-03,10000000.000000,XS1222512094,,IBRD
Green,8.000000,USD,103280000.000000,0.000000,2015-04-30,2023-05-12,103280000.000000,XS1201913651,http://pubdocs.worldbank.org/en/952971544553141980/ft-2015-XS1201913651.pdf,IBRD
Green,5.000000,INR,63000000.000000,0.048000,2015-04-20,2020-04-21,1006470.170000,XS1202767866,,IBRD
Green,7.000000,USD,10000000.000000,0.000000,2015-04-10,2022-04-11,10000000.000000,XS1205479170,http://pubdocs.worldbank.org/en/513441544553144977/ft-2015-XS1205479170.pdf,IBRD
Green,7.000000,USD,40000000.000000,0.000000,2015-04-10,2022-04-11,40000000.000000,XS1207782266,https://thedocs.worldbank.org/en/doc/f6da097e21eef88dcd87f4ed0fd41489-0340022021/original/ft-2015-XS1207782266.pdf,IBRD
Green,5.000000,INR,63000000.000000,0.044000,2015-03-30,2020-03-30,1012780.320000,XS1196790445,,IBRD
Green,3.000000,USD,35000000.000000,0.000000,2015-03-30,2018-03-30,35000000.000000,US45905URQ93,http://pubdocs.worldbank.org/en/187381544553133166/ft-2015-US45905URQ93.pdf,IBRD
Green,5.000000,INR,110000000.000000,0.046000,2015-03-27,2020-03-27,1767636.000000,XS1201896468,,IBRD
Green,7.000000,USD,13750000.000000,0.000000,2015-03-20,2022-03-21,13750000.000000,XS1199554087,,IBRD
Green ,7.000000,TRY,50000000.000000,0.083000,2015-03-04,2022-03-04,20088388.910000,XS1198022706,,IBRD
Green,10.000000,USD,600000000.000000,0.021000,2015-03-03,2025-03-03,600000000.000000,US45905URL07,http://pubdocs.worldbank.org/en/892061544553131754/ft-2015-US45905URL07.pdf,IBRD
Green,5.000000,INR,250000000.000000,4.050000,2015-02-26,2020-02-26,4067680.000000,XS1177458723,,IBRD
Green,5.000000,INR,436000000.000000,0.040000,2015-02-26,2020-02-27,7101555.500000,XS1179276958,,IBRD
Green,30.000000,EUR,30000000.000000,0.010000,2015-02-25,2045-02-25,34230000.000000,XS1192988738,http://pubdocs.worldbank.org/en/657561541196847706/ft-2015-XS1192988738.pdf,IBRD
Green,2.000000,ZAR,200000000.000000,,2015-02-06,2017-03-01,17211703.960000,XS0490350393,,IBRD
Green,2.000000,BRL,75000000.000000,0.095000,2015-01-29,2017-03-02,28537726.870000,XS0490455069,,IBRD
Green,5.000000,INR,348500000.000000,0.042000,2015-01-29,2020-01-30,5507591.390000,XS1161418501,,IBRD
Green,7.000000,USD,91040000.000000,0.000000,2015-01-12,2022-01-12,91040000.000000,XS1128441711,http://pubdocs.worldbank.org/en/320611544553128828/ft-2014-XS1128441711.pdf,IBRD
Green,20.000000,USD,20000000.000000,0.000000,2014-11-28,2034-11-28,20000000.000000,US45905UQU15,,IBRD
Green,5.000000,SEK,2000000000.000000,0.014000,2014-10-30,2019-06-23,278357689.630000,XS1078475024,,IBRD
Green,6.000000,USD,22753000.000000,0.000000,2014-10-27,2021-03-01,22750000.000000,XS1128972244,https://thedocs.worldbank.org/en/doc/5ffce2503ab3b29730fc240b37adb604-0340022021/original/ft-2014-XS1128972244.pdf,IBRD
Green,2.000000,USD,50000000.000000,0.000000,2014-10-20,2016-10-20,50000000.000000,US45905UQN71,,IBRD
Green,10.000000,USD,1123000.000000,0.000000,2014-10-15,2024-10-15,1120000.000000,US45905UQM98,,IBRD
Green,4.000000,PLN,25000000.000000,0.033000,2014-10-14,2019-01-31,7467144.560000,XS0739611571,,IBRD
Green,12.000000,EUR,10000000.000000,0.000000,2014-10-07,2026-10-07,12876641.770000,XS1115487065,,IBRD
Green,10.000000,USD,30000000.000000,2.250000,2014-09-30,2024-09-30,30000000.000000,US45905U7B48,,IBRD
Green,10.000000,USD,5000000.000000,2.250000,2014-09-26,2024-09-26,5000000.000000,US45905UQH04,http://pubdocs.worldbank.org/en/194391550243907484/ft-2014-US45905UQH04.pdf,IBRD
Green,2.000000,USD,250000000.000000,0.007000,2014-09-23,2016-09-23,250000000.000000,US45905UQE72,http://pubdocs.worldbank.org/en/845181550243900369/ft-2014-US45905UQE72.pdf,IBRD
Green ,2.000000,BRL,50000000.000000,0.095000,2014-09-19,2017-03-02,21500752.530000,XS0490455069,,IBRD
Green,6.000000,SEK,175000000.000000,0.033000,2012-04-03,2017-12-15,26119402.960000,XS0485770241,,IBRD
Green,6.000000,SEK,250000000.000000,0.033000,2012-03-06,2017-12-15,37821483.000000,XS0485770241,,IBRD
Green,3.000000,USD,50000000.000000,0.000000,2012-03-01,2015-06-20,50000000.000000,US45905UKM52,http://pubdocs.worldbank.org/en/775981550243856822/ft-2012-US45905UKM52.pdf,IBRD
Green,5.000000,USD,10000000.000000,0.008000,2012-02-06,2017-02-06,10000000.000000,XS0739956042,,IBRD
Green ,7.000000,PLN,65000000.000000,0.033000,2012-01-31,2019-01-31,19649334.950000,XS0739611571,http://pubdocs.worldbank.org/en/722521550243867869/ft-2012-XS0739611571.pdf,IBRD
Green,2.000000,USD,110000000.000000,0.005000,2012-01-04,2013-12-16,110000000.000000,US45905UKC70,http://pubdocs.worldbank.org/en/351271544553091198/ft-2011-US45905UKC70.pdf,IBRD
Green,3.000000,SEK,200000000.000000,0.035000,2011-12-20,2014-11-12,29197080.290000,XS0398811959,http://pubdocs.worldbank.org/en/294361544553044007/ft-2008-XS0398811959-t5.pdf,IBRD
Green ,2.000000,USD,400000000.000000,0.005000,2011-12-15,2013-12-16,400000000.000000,US45905UKC70,http://pubdocs.worldbank.org/en/351271544553091198/ft-2011-US45905UKC70.pdf,IBRD
Green,3.000000,SEK,300000000.000000,0.035000,2011-12-07,2014-11-12,43352601.160000,XS0398811959,,IBRD
Green,5.000000,AUD,13000000.000000,0.041000,2011-11-28,2016-11-28,13292500.000000,XS0698530564,,IBRD
Green,10.000000,AUD,10000000.000000,0.045000,2011-10-05,2021-10-06,9765000.000000,XS0684954232,,IBRD
Green,5.000000,AUD,25000000.000000,0.060000,2011-08-31,2017-02-15,26150000.000000,XS0490342028,,IBRD
Green,10.000000,USD,7690000.000000,0.000000,2011-08-11,2021-08-11,7690000.000000,US45905UJC99,,IBRD
Green,10.000000,CAD,10000000.000000,0.030000,2011-08-08,2021-08-09,10571000.000000,XS0654310415,http://pubdocs.worldbank.org/en/975781544553104207/ft-2011-XS0654310415.pdf,IBRD
Green,6.000000,TRY,25000000.000000,0.100000,2011-08-03,2017-03-02,14771048.740000,XS0490456034,,IBRD
Green,6.000000,SEK,150000000.000000,0.033000,2011-07-29,2017-12-15,23771790.810000,XS0485770241,,IBRD
Green,5.000000,EUR,20000000.000000,0.023000,2011-07-13,2016-07-13,28980000.000000,XS0647664142,http://pubdocs.worldbank.org/en/245391544553102725/ft-2011-XS0647664142.pdf,IBRD
Green,5.000000,ZAR,100000000.000000,8.750000,2011-07-13,2017-03-01,14781966.000000,XS0490350393,,IBRD
Green,6.000000,SEK,375000000.000000,0.035000,2008-11-24,2014-11-12,47000000.000000,XS0398811959,,IBRD
Green ,6.000000,SEK,2325000000.000000,0.035000,2008-11-12,2014-11-12,300000000.000000,XS0398811959,http://pubdocs.worldbank.org/en/906091544553040376/ft-2008-XS0398811959.pdf,IBRD
Green,4.000000,ZAR,250000000.000000,0.070000,2019-01-28,2023-06-07,18141840.160000,XS0941866252,,IBRD
Green,5.000000,INR,140000000.000000,0.042000,2019-01-15,2023-12-18,2016225.970000,XS1922288169,,IBRD
Green,5.000000,INR,160000000.000000,0.042000,2018-12-18,2023-12-18,2240450.780000,XS1922288169,,IBRD
Green,5.000000,USD,1055000.000000,0.000000,2018-11-27,2023-11-15,1060000.000000,US45905U6K55,,IBRD
Green,7.000000,AUD,300000000.000000,0.029000,2018-11-26,2025-11-26,218070000.000000,AU3CB0258739,,IBRD
Green,9.000000,EUR,600000000.000000,0.006000,2018-11-20,2027-11-22,675210000.000000,XS1912495691,,IBRD
Green,7.000000,USD,600000000.000000,0.031000,2018-11-20,2025-11-20,600000000.000000,US45905U6L39,,IBRD
Green,5.000000,INR,160000000.000000,0.050000,2018-10-30,2023-08-07,2167433.960000,XS1863327331,,IBRD
Green,5.000000,SEK,600000000.000000,0.004000,2018-10-11,2023-07-17,66792831.000000,XS1856338022,,IBRD
Green,5.000000,IDR,60000000000.000000,0.079000,2018-10-10,2023-10-10,4026305.190000,XS1891127851,,IBRD
Green,2.000000,USD,200000000.000000,0.029000,2018-10-03,2020-10-01,200000000.000000,US45905UX338,,IBRD
Green,5.000000,USD,7410000.000000,0.000000,2018-09-28,2023-09-15,7410000.000000,US45905UW751,,IBRD
Green ,5.000000,INR,73000000.000000,0.050000,2018-09-26,2023-08-07,1015645.700000,XS1863327331,https://thedocs.worldbank.org/en/doc/aba1578d46104aa79b37e97ab54676b1-0340022021/original/ft-2018-XS1863327331-v2.pdf,IBRD
Green ,5.000000,INR,80000000.000000,0.050000,2018-08-07,2023-08-07,1163247.200000,XS1863327331,,IBRD
Green ,5.000000,ZAR,110000000.000000,0.066000,2018-07-24,2023-07-24,8104922.000000,XS1856280786,,IBRD
Green ,5.000000,SEK,3000000000.000000,0.004000,2018-07-17,2023-07-17,344431687.720000,XS1856338022,,IBRD
Green,5.000000,AUD,3000000.000000,0.023000,2018-06-04,2023-06-05,3766043.880000,XS1816289364,,IBRD
Green,6.000000,HUF,1250000000.000000,0.055000,2011-06-28,2017-05-19,6738908.000000,XS0490633939,,IBRD
Green,5.000000,USD,10000000.000000,0.017000,2011-06-13,2016-06-14,10000000.000000,XS0633090799,http://pubdocs.worldbank.org/en/773271550243848076/ft-2011-XS0633090799.pdf,IBRD
Green,6.000000,HUF,1000000000.000000,0.055000,2011-05-31,2017-05-19,5189414.000000,XS0490633939,,IBRD
Green,7.000000,SEK,300000000.000000,0.033000,2011-05-24,2017-12-15,47169811.320000,XS0485770241,,IBRD
Green,10.000000,USD,2140000.000000,0.000000,2011-05-24,2021-05-24,2140000.000000,US45905UHT43,,IBRD
Green ,6.000000,BRL,25000000.000000,0.095000,2011-04-14,2017-03-02,15693659.760000,XS0490455069,http://pubdocs.worldbank.org/en/433241544553063623/ft-2010-XS0490455069-t6.pdf,IBRD
Green,9.000000,MXN,150000000.000000,0.075000,2011-04-14,2020-03-05,12729664.360000,XS0490347415,,IBRD
Green ,5.000000,USD,10000000.000000,0.022000,2011-04-14,2016-04-15,10000000.000000,XS0615756854,,IBRD
Green,6.000000,ZAR,100000000.000000,0.088000,2011-04-14,2017-03-01,14903129.660000,XS0490350393,,IBRD
Green,9.000000,MXN,250000000.000000,0.075000,2011-04-06,2020-03-05,20981955.520000,XS0490347415,,IBRD
Green,5.000000,USD,10000000.000000,0.022000,2011-03-17,2016-03-17,10000000.000000,XS0605503100,,IBRD
Green,9.000000,COP,17500000000.000000,0.080000,2011-03-02,2020-03-02,9238241.040000,XS0490636791,,IBRD
Green,9.000000,MXN,150000000.000000,0.075000,2011-03-02,2020-03-05,12489592.010000,XS0490347415,,IBRD
Green,5.000000,USD,20000000.000000,0.023000,2011-02-25,2016-02-25,20000000.000000,XS0595272310,http://pubdocs.worldbank.org/en/957711550243838840/ft-2011-XS0595272310.pdf,IBRD
Green,6.000000,AUD,50000000.000000,0.060000,2011-02-22,2017-02-15,50115000.000000,XS0490342028,,IBRD
Green,5.000000,USD,10000000.000000,0.023000,2011-02-18,2016-02-18,10000000.000000,XS0592318397,http://pubdocs.worldbank.org/en/806371550243827343/ft-2011-XS0592318397.pdf,IBRD
Green,6.000000,ZAR,100000000.000000,0.088000,2011-02-18,2017-03-01,13715539.710000,XS0490350393,,IBRD
Green,5.000000,USD,30000000.000000,0.020000,2011-02-17,2016-02-17,30000000.000000,XS0587411249,https://thedocs.worldbank.org/en/doc/cd18b85d5aa4084b17a0adec649b469e-0340022021/original/ft-2011-XS0587411249.pdf,IBRD
Green,9.000000,MXN,150000000.000000,0.075000,2011-02-08,2020-03-05,12422360.250000,XS0490347415,,IBRD
Green,6.000000,ZAR,100000000.000000,0.088000,2011-02-08,2017-03-01,14011489.420000,XS0490350393,,IBRD
Green,6.000000,ZAR,100000000.000000,0.088000,2011-02-01,2017-03-01,14222727.920000,XS0490350393,,IBRD
Green,6.000000,BRL,25000000.000000,0.095000,2011-01-31,2017-03-02,14970059.880000,XS0490455069,http://pubdocs.worldbank.org/en/438111544553061955/ft-2010-XS0490455069-t5.pdf,IBRD
Green,5.000000,USD,30000000.000000,0.021000,2011-01-25,2016-04-25,30000000.000000,XS0577437436,https://thedocs.worldbank.org/en/doc/cd009b2ab8c211ad97471fc7999b3547-0340022021/original/ft-2011-XS0577437436.pdf,IBRD
Green,5.000000,USD,10000000.000000,0.020000,2011-01-20,2016-01-21,10000000.000000,XS0580161361,,IBRD
Green,5.000000,USD,10000000.000000,0.000000,2011-01-20,2016-01-21,10000000.000000,XS0579623991,,IBRD
Green,6.000000,RUB,350000000.000000,0.075000,2011-01-19,2017-03-02,11527567.350000,XS0490457438,http://pubdocs.worldbank.org/en/656371544553068054/ft-2010-XS0490457438-t5.pdf,IBRD
Green,10.000000,USD,5000000.000000,0.033000,2011-01-18,2021-01-19,5000000.000000,XS0578137688,,IBRD
Green,5.000000,USD,10000000.000000,0.021000,2010-12-21,2015-12-22,10000000.000000,XS0571376739,,IBRD
Green,6.000000,BRL,30000000.000000,9.500000,2010-12-20,2017-03-02,17584994.140000,XS0490455069,,IBRD
Green ,6.000000,USD,10000000.000000,0.020000,2010-12-20,2016-10-20,10000000.000000,US45905UHN72,http://pubdocs.worldbank.org/en/182531541195041523/ft-2010-US45905UHN72.pdf,IBRD
Green,6.000000,AUD,30000000.000000,0.060000,2010-12-16,2017-02-15,29580000.000000,XS0490342028,,IBRD
Green,6.000000,HUF,1000000000.000000,0.055000,2010-12-10,2017-05-19,4756468.800000,XS0490633939,,IBRD
Green,9.000000,COP,55000000000.000000,0.080000,2010-12-06,2020-03-02,29108229.690000,XS0490636791,,IBRD
Green,6.000000,RUB,500000000.000000,7.500000,2010-12-06,2017-03-02,15992323.680000,XS0490457438,,IBRD
Green,6.000000,ZAR,100000000.000000,0.088000,2010-12-06,2017-03-01,14029180.700000,XS0490350393,,IBRD
Green,5.000000,USD,10000000.000000,0.015000,2010-11-30,2015-11-30,10000000.000000,XS0563580058,,IBRD
Green,6.000000,BRL,20000000.000000,0.095000,2010-11-26,2017-03-02,11574074.070000,XS0490455069,,IBRD
Green ,9.000000,COP,75000000000.000000,0.080000,2010-11-24,2020-03-02,39830058.420000,XS0490636791,,IBRD
Green,6.500000,HUF,1000000000.000000,5.500000,2010-11-22,2017-05-19,4926108.370000,XS0490633939,,IBRD
Green,6.500000,RUB,500000000.000000,7.500000,2010-11-22,2017-03-02,16286644.950000,XS0490457438,,IBRD
Green,5.000000,AUD,30000000.000000,0.054000,2010-11-16,2015-11-16,29800000.000000,XS0554299015,https://thedocs.worldbank.org/en/doc/3c918ea607072a3572e6233f73bb880d-0340022021/original/ft-2010-XS0554299015.pdf,IBRD
Green ,6.000000,RUB,300000000.000000,0.075000,2010-11-12,2017-03-02,9756097.560000,XS0490457438,http://pubdocs.worldbank.org/en/143151541195101066/ft-2010-XS0490457438.pdf,IBRD
Green,5.000000,MYR,12000000.000000,0.014000,2010-11-09,2015-11-09,3858520.900000,XS0556058153,http://pubdocs.worldbank.org/en/692741541195246938/ft-2010-XS0556058153.pdf,IBRD
Green,10.000000,SEK,100000000.000000,0.035000,2010-11-02,2020-11-02,15082956.260000,XS0554265032,http://pubdocs.worldbank.org/en/982491541195227392/ft-2010-XS0554265032.pdf,IBRD
