As Of,NAV,Daily NAV Change,Daily NAV Change %
31-May-23,9.14,0.04,0.41
30-May-23,9.1,0.1,1.16
26-May-23,9,-0.02,-0.25
25-May-23,9.02,-0.03,-0.31
24-May-23,9.05,0,0.01
23-May-23,9.05,-0.01,-0.11
22-May-23,9.06,-0.01,-0.15
19-May-23,9.07,0.01,0.11
18-May-23,9.06,-0.06,-0.69
17-May-23,9.12,0,-0.03
16-May-23,9.13,-0.03,-0.29
15-May-23,9.15,-0.02,-0.23
12-May-23,9.17,-0.03,-0.29
11-May-23,9.2,0.04,0.41
10-May-23,9.16,0.03,0.36
09-May-23,9.13,-0.03,-0.35
05-May-23,9.16,-0.04,-0.48
04-May-23,9.21,0.02,0.2
03-May-23,9.19,0.01,0.06
02-May-23,9.18,0.02,0.26
28-Apr-23,9.16,0.07,0.72
27-Apr-23,9.09,-0.04,-0.43
26-Apr-23,9.13,-0.01,-0.13
25-Apr-23,9.15,0.06,0.69
24-Apr-23,9.08,0.01,0.1
21-Apr-23,9.07,-0.01,-0.16
20-Apr-23,9.09,0.03,0.29
19-Apr-23,9.06,-0.03,-0.31
18-Apr-23,9.09,0.01,0.15
17-Apr-23,9.08,-0.03,-0.33
14-Apr-23,9.11,-0.03,-0.32
13-Apr-23,9.14,0,-0.03
12-Apr-23,9.14,-0.02,-0.23
11-Apr-23,9.16,-0.07,-0.71
06-Apr-23,9.23,0,0
05-Apr-23,9.23,0.04,0.43
04-Apr-23,9.19,0,0.01
03-Apr-23,9.19,0.05,0.55
31-Mar-23,9.14,0.03,0.38
30-Mar-23,9.1,-0.02,-0.2
29-Mar-23,9.12,0,-0.01
28-Mar-23,9.12,-0.04,-0.46
27-Mar-23,9.16,-0.05,-0.55
24-Mar-23,9.22,0.03,0.3
23-Mar-23,9.19,0.06,0.7
22-Mar-23,9.12,-0.01,-0.09
21-Mar-23,9.13,-0.05,-0.55
20-Mar-23,9.18,-0.03,-0.32
17-Mar-23,9.21,0.06,0.7
16-Mar-23,9.15,-0.05,-0.51
15-Mar-23,9.19,0.13,1.44
14-Mar-23,9.06,-0.1,-1.04
13-Mar-23,9.16,0.09,1.03
10-Mar-23,9.07,0.09,1.04
09-Mar-23,8.97,0,-0.02
08-Mar-23,8.97,0.03,0.31
07-Mar-23,8.95,0.01,0.07
06-Mar-23,8.94,0.01,0.08
03-Mar-23,8.93,0.02,0.22
02-Mar-23,8.91,-0.02,-0.18
01-Mar-23,8.93,-0.04,-0.44
28-Feb-23,8.97,-0.02,-0.27
27-Feb-23,8.99,-0.02,-0.2
24-Feb-23,9.01,-0.04,-0.43
23-Feb-23,9.05,0.02,0.24
22-Feb-23,9.03,0.01,0.08
21-Feb-23,9.02,-0.06,-0.67
17-Feb-23,9.08,0.01,0.13
16-Feb-23,9.07,-0.01,-0.16
15-Feb-23,9.08,-0.02,-0.25
14-Feb-23,9.11,-0.03,-0.37
13-Feb-23,9.14,0,-0.01
10-Feb-23,9.14,-0.04,-0.47
09-Feb-23,9.18,0.02,0.18
08-Feb-23,9.17,-0.02,-0.2
07-Feb-23,9.19,-0.01,-0.11
06-Feb-23,9.2,-0.05,-0.59
03-Feb-23,9.25,-0.08,-0.86
02-Feb-23,9.33,0.14,1.56
01-Feb-23,9.19,0.01,0.09
31-Jan-23,9.18,0.01,0.15
30-Jan-23,9.17,-0.03,-0.3
27-Jan-23,9.19,-0.01,-0.14
26-Jan-23,9.21,-0.03,-0.29
25-Jan-23,9.23,0,0.04
24-Jan-23,9.23,0.03,0.33
23-Jan-23,9.2,-0.02,-0.2
20-Jan-23,9.22,-0.07,-0.71
19-Jan-23,9.28,-0.03,-0.31
18-Jan-23,9.31,0.06,0.7
17-Jan-23,9.25,0.04,0.46
13-Jan-23,9.2,0,-0.03
12-Jan-23,9.21,0.04,0.46
11-Jan-23,9.17,0.07,0.78
10-Jan-23,9.09,-0.03,-0.36
09-Jan-23,9.13,-0.01,-0.06
06-Jan-23,9.13,0.07,0.75
05-Jan-23,9.06,-0.03,-0.32
04-Jan-23,9.09,0.07,0.73
03-Jan-23,9.03,0.04,0.47
29-Dec-22,8.99,0.02,0.25
28-Dec-22,8.96,-0.09,-0.97
22-Dec-22,9.05,-0.02,-0.25
21-Dec-22,9.07,0,0
20-Dec-22,9.07,-0.07,-0.72
19-Dec-22,9.14,-0.03,-0.28
16-Dec-22,9.16,-0.06,-0.65
15-Dec-22,9.22,-0.06,-0.69
14-Dec-22,9.29,-0.02,-0.17
13-Dec-22,9.3,0.02,0.23
12-Dec-22,9.28,0,-0.01
09-Dec-22,9.28,-0.06,-0.67
08-Dec-22,9.35,-0.01,-0.09
07-Dec-22,9.35,0.02,0.19
06-Dec-22,9.34,0.04,0.42
05-Dec-22,9.3,-0.01,-0.06
02-Dec-22,9.3,-0.01,-0.12
01-Dec-22,9.31,0.08,0.89
30-Nov-22,9.23,0,-0.04
29-Nov-22,9.24,0.03,0.31
28-Nov-22,9.21,0,-0.03
25-Nov-22,9.21,-0.01,-0.15
23-Nov-22,9.22,0.05,0.58
22-Nov-22,9.17,0.02,0.18
21-Nov-22,9.15,0.02,0.21
18-Nov-22,9.14,0.01,0.1
17-Nov-22,9.13,-0.02,-0.2
16-Nov-22,9.14,0.06,0.65
15-Nov-22,9.09,0.05,0.57
14-Nov-22,9.03,-0.06,-0.63
10-Nov-22,9.09,0.12,1.39
09-Nov-22,8.97,0.05,0.55
08-Nov-22,8.92,0.04,0.45
07-Nov-22,8.88,-0.01,-0.09
04-Nov-22,8.88,-0.02,-0.19
03-Nov-22,8.9,-0.06,-0.66
02-Nov-22,8.96,0,-0.03
01-Nov-22,8.96,0.02,0.19
31-Oct-22,8.95,-0.05,-0.51
28-Oct-22,8.99,-0.03,-0.35
27-Oct-22,9.02,0.07,0.8
26-Oct-22,8.95,0.03,0.33
25-Oct-22,8.92,0.09,1.07
24-Oct-22,8.83,0.05,0.62
21-Oct-22,8.77,-0.03,-0.29
20-Oct-22,8.8,-0.02,-0.28
19-Oct-22,8.82,-0.05,-0.51
18-Oct-22,8.87,0.02,0.24
17-Oct-22,8.85,0.04,0.45
14-Oct-22,8.81,-0.02,-0.24
13-Oct-22,8.83,0.01,0.1
12-Oct-22,8.82,-0.03,-0.38
11-Oct-22,8.85,-0.07,-0.79
07-Oct-22,8.92,-0.07,-0.74
06-Oct-22,8.99,-0.04,-0.42
05-Oct-22,9.03,-0.09,-0.97
04-Oct-22,9.12,0.03,0.36
03-Oct-22,9.09,0.11,1.25
30-Sep-22,8.97,0.03,0.29
29-Sep-22,8.95,-0.04,-0.45
28-Sep-22,8.99,0.05,0.51
27-Sep-22,8.94,-0.1,-1.07
26-Sep-22,9.04,-0.07,-0.72
23-Sep-22,9.1,-0.04,-0.4
22-Sep-22,9.14,-0.06,-0.7
21-Sep-22,9.21,0.02,0.23
20-Sep-22,9.18,-0.09,-0.95
16-Sep-22,9.27,-0.02,-0.26
15-Sep-22,9.3,-0.01,-0.14
14-Sep-22,9.31,0.01,0.11
13-Sep-22,9.3,-0.05,-0.54
12-Sep-22,9.35,0.04,0.4
09-Sep-22,9.31,-0.01,-0.05
08-Sep-22,9.32,-0.05,-0.55
07-Sep-22,9.37,0.03,0.35
06-Sep-22,9.34,-0.05,-0.56
02-Sep-22,9.39,0.04,0.44
01-Sep-22,9.35,-0.05,-0.51
31-Aug-22,9.4,-0.02,-0.26
30-Aug-22,9.42,-0.08,-0.84
26-Aug-22,9.5,-0.04,-0.41
25-Aug-22,9.54,0.04,0.37
24-Aug-22,9.5,-0.03,-0.35
23-Aug-22,9.54,-0.03,-0.29
22-Aug-22,9.57,-0.05,-0.57
19-Aug-22,9.62,-0.1,-1
18-Aug-22,9.72,0,0.02
17-Aug-22,9.72,-0.07,-0.75
16-Aug-22,9.79,-0.05,-0.51
15-Aug-22,9.84,0.06,0.63
12-Aug-22,9.78,0,-0.02
11-Aug-22,9.78,-0.06,-0.62
10-Aug-22,9.84,0.03,0.3
09-Aug-22,9.81,-0.03,-0.32
08-Aug-22,9.84,0.03,0.33
05-Aug-22,9.81,-0.1,-0.97
04-Aug-22,9.91,0.04,0.41
03-Aug-22,9.87,-0.02,-0.23
02-Aug-22,9.89,-0.04,-0.4
01-Aug-22,9.93,0.04,0.42
29-Jul-22,9.89,0.02,0.16
28-Jul-22,9.87,0.09,0.95
27-Jul-22,9.78,0.01,0.06
26-Jul-22,9.77,0.04,0.4
25-Jul-22,9.73,0.01,0.12
22-Jul-22,9.72,0.11,1.11
21-Jul-22,9.62,0.05,0.48
20-Jul-22,9.57,0.02,0.23
19-Jul-22,9.55,-0.03,-0.3
18-Jul-22,9.58,-0.04,-0.44
15-Jul-22,9.62,0.03,0.33
14-Jul-22,9.59,-0.03,-0.34
13-Jul-22,9.62,-0.01,-0.09
12-Jul-22,9.63,0.07,0.75
11-Jul-22,9.56,0.05,0.55
07-Jul-22,9.53,-0.05,-0.51
06-Jul-22,9.58,0.01,0.1
05-Jul-22,9.57,0.01,0.08
01-Jul-22,9.56,0.1,1.02
30-Jun-22,9.46,0.06,0.59
29-Jun-22,9.41,0.06,0.66
28-Jun-22,9.35,-0.05,-0.56
27-Jun-22,9.4,-0.06,-0.63
24-Jun-22,9.46,-0.01,-0.09
23-Jun-22,9.47,0.11,1.16
22-Jun-22,9.36,0.09,0.97
21-Jun-22,9.27,-0.07,-0.73
17-Jun-22,9.34,0.01,0.16
16-Jun-22,9.32,-0.03,-0.28
15-Jun-22,9.35,0.07,0.8
14-Jun-22,9.27,-0.09,-0.91
13-Jun-22,9.36,-0.13,-1.37
10-Jun-22,9.49,-0.07,-0.75
09-Jun-22,9.56,-0.05,-0.57
08-Jun-22,9.61,-0.04,-0.4
07-Jun-22,9.65,0.03,0.32
06-Jun-22,9.62,-0.1,-1.01
01-Jun-22,9.72,-0.04,-0.37
31-May-22,9.76,-0.09,-0.93
27-May-22,9.85,0.03,0.27
26-May-22,9.82,-0.03,-0.27
25-May-22,9.85,0,0.03
24-May-22,9.85,0.04,0.38
23-May-22,9.81,-0.04,-0.42
20-May-22,9.85,0,-0.05
19-May-22,9.85,0.02,0.23
18-May-22,9.83,0.02,0.23
17-May-22,9.81,-0.07,-0.66
16-May-22,9.87,0.02,0.16
13-May-22,9.86,-0.04,-0.43
12-May-22,9.9,0.08,0.81
11-May-22,9.82,0.01,0.13
10-May-22,9.81,0.05,0.54
09-May-22,9.76,0.02,0.18
06-May-22,9.74,-0.08,-0.85
05-May-22,9.82,-0.04,-0.38
04-May-22,9.86,-0.01,-0.12
03-May-22,9.87,-0.02,-0.21
29-Apr-22,9.89,-0.04,-0.38
28-Apr-22,9.93,-0.06,-0.62
27-Apr-22,9.99,-0.03,-0.31
26-Apr-22,10.02,0.03,0.31
25-Apr-22,9.99,0.05,0.54
22-Apr-22,9.94,-0.03,-0.29
21-Apr-22,9.97,-0.05,-0.45
20-Apr-22,10.01,0.04,0.44
19-Apr-22,9.97,-0.07,-0.68
14-Apr-22,10.04,-0.06,-0.58
13-Apr-22,10.1,0.02,0.18
12-Apr-22,10.08,0.01,0.12
11-Apr-22,10.07,-0.06,-0.62
08-Apr-22,10.13,-0.02,-0.24
07-Apr-22,10.15,-0.02,-0.17
06-Apr-22,10.17,-0.03,-0.32
05-Apr-22,10.2,-0.09,-0.87
04-Apr-22,10.29,0.03,0.28
01-Apr-22,10.27,-0.03,-0.27
31-Mar-22,10.29,0.06,0.58
30-Mar-22,10.23,-0.01,-0.07
29-Mar-22,10.24,-0.02,-0.16
28-Mar-22,10.26,0,0.02
25-Mar-22,10.26,-0.03,-0.31
24-Mar-22,10.29,-0.02,-0.22
23-Mar-22,10.31,0.03,0.27
22-Mar-22,10.28,-0.05,-0.45
21-Mar-22,10.33,-0.07,-0.65
18-Mar-22,10.4,0.02,0.23
17-Mar-22,10.37,0.02,0.18
16-Mar-22,10.35,-0.02,-0.16
15-Mar-22,10.37,0.02,0.2
14-Mar-22,10.35,-0.08,-0.76
11-Mar-22,10.43,-0.01,-0.12
10-Mar-22,10.44,-0.06,-0.56
09-Mar-22,10.5,-0.06,-0.61
08-Mar-22,10.56,-0.09,-0.85
07-Mar-22,10.65,-0.06,-0.52
04-Mar-22,10.71,0.07,0.62
03-Mar-22,10.65,-0.01,-0.13
02-Mar-22,10.66,-0.07,-0.67
01-Mar-22,10.73,0.15,1.45
28-Feb-22,10.58,0.04,0.4
25-Feb-22,10.54,-0.02,-0.22
24-Feb-22,10.56,0.02,0.16
23-Feb-22,10.54,0,-0.04
22-Feb-22,10.55,-0.05,-0.48
18-Feb-22,10.6,0.02,0.14
17-Feb-22,10.58,0.03,0.28
16-Feb-22,10.55,0.03,0.29
15-Feb-22,10.52,-0.03,-0.31
14-Feb-22,10.56,-0.02,-0.19
11-Feb-22,10.58,0,0
10-Feb-22,10.58,-0.06,-0.6
09-Feb-22,10.64,0.04,0.34
08-Feb-22,10.6,-0.03,-0.32
07-Feb-22,10.64,-0.04,-0.41
04-Feb-22,10.68,-0.07,-0.61
03-Feb-22,10.75,-0.09,-0.81
02-Feb-22,10.84,0.01,0.1
01-Feb-22,10.83,-0.02,-0.16
31-Jan-22,10.84,-0.04,-0.36
28-Jan-22,10.88,-0.01,-0.11
27-Jan-22,10.89,0,0.01
26-Jan-22,10.89,-0.03,-0.3
25-Jan-22,10.93,-0.02,-0.15
24-Jan-22,10.94,0.01,0.09
21-Jan-22,10.93,0.03,0.27
20-Jan-22,10.9,0.02,0.2
19-Jan-22,10.88,-0.01,-0.09
18-Jan-22,10.89,-0.05,-0.42
14-Jan-22,10.94,-0.04,-0.39
13-Jan-22,10.98,0.03,0.25
12-Jan-22,10.95,0.02,0.19
11-Jan-22,10.93,0,-0.03
10-Jan-22,10.94,0,-0.04
07-Jan-22,10.94,-0.02,-0.18
06-Jan-22,10.96,-0.03,-0.27
05-Jan-22,10.99,-0.01,-0.08
04-Jan-22,11,-0.04,-0.37
30-Dec-21,11.04,0,0.02
29-Dec-21,11.04,-0.05,-0.41
23-Dec-21,11.08,-0.04,-0.35
22-Dec-21,11.12,-0.01,-0.07
21-Dec-21,11.13,-0.06,-0.57
20-Dec-21,11.2,-0.01,-0.1
17-Dec-21,11.21,0.02,0.16
16-Dec-21,11.19,-0.01,-0.12
15-Dec-21,11.2,-0.01,-0.11
14-Dec-21,11.21,-0.02,-0.14
13-Dec-21,11.23,0.03,0.27
10-Dec-21,11.2,0.01,0.06
09-Dec-21,11.19,0.03,0.24
08-Dec-21,11.16,-0.05,-0.43
07-Dec-21,11.21,0,-0.01
06-Dec-21,11.21,0.01,0.05
03-Dec-21,11.21,0.01,0.13
02-Dec-21,11.19,0.03,0.26
01-Dec-21,11.16,0,-0.03
30-Nov-21,11.17,0.04,0.32
29-Nov-21,11.13,-0.01,-0.13
26-Nov-21,11.15,0.09,0.8
24-Nov-21,11.06,-0.02,-0.15
23-Nov-21,11.07,-0.06,-0.53
22-Nov-21,11.13,-0.04,-0.37
19-Nov-21,11.17,0.04,0.4
18-Nov-21,11.13,0.03,0.28
17-Nov-21,11.1,0,-0.04
16-Nov-21,11.1,-0.01,-0.11
15-Nov-21,11.11,-0.02,-0.19
12-Nov-21,11.14,-0.01,-0.1
10-Nov-21,11.15,-0.06,-0.5
09-Nov-21,11.2,0.04,0.37
08-Nov-21,11.16,-0.02,-0.22
05-Nov-21,11.19,0.06,0.53
04-Nov-21,11.13,0.04,0.38
03-Nov-21,11.09,0,-0.02
02-Nov-21,11.09,0.05,0.47
01-Nov-21,11.04,0,-0.03
29-Oct-21,11.04,-0.04,-0.41
28-Oct-21,11.08,-0.02,-0.19
27-Oct-21,11.11,0.05,0.45
26-Oct-21,11.06,0.01,0.05
25-Oct-21,11.05,0.01,0.12
22-Oct-21,11.04,0.01,0.08
21-Oct-21,11.03,-0.02,-0.19
20-Oct-21,11.05,0,0.04
19-Oct-21,11.04,-0.03,-0.27
18-Oct-21,11.07,-0.01,-0.13
15-Oct-21,11.09,-0.01,-0.11
14-Oct-21,11.1,0.04,0.35
13-Oct-21,11.06,0.03,0.31
12-Oct-21,11.03,-0.03,-0.28
08-Oct-21,11.06,-0.03,-0.25
07-Oct-21,11.09,0,-0.03
06-Oct-21,11.09,-0.01,-0.05
05-Oct-21,11.09,-0.02,-0.22
04-Oct-21,11.12,-0.01,-0.08
01-Oct-21,11.13,0.02,0.19
30-Sep-21,11.11,-0.02,-0.15
29-Sep-21,11.12,0.01,0.11
28-Sep-21,11.11,-0.02,-0.22
27-Sep-21,11.13,-0.01,-0.08
24-Sep-21,11.14,-0.03,-0.25
23-Sep-21,11.17,-0.05,-0.48
22-Sep-21,11.23,0,0.03
21-Sep-21,11.22,0.01,0.08
20-Sep-21,11.21,0.02,0.21
17-Sep-21,11.19,-0.02,-0.19
16-Sep-21,11.21,-0.01,-0.11
15-Sep-21,11.22,-0.02,-0.16
14-Sep-21,11.24,0.01,0.12
13-Sep-21,11.23,0,-0.01
10-Sep-21,11.23,-0.02,-0.19
09-Sep-21,11.25,0.03,0.3
08-Sep-21,11.22,0.01,0.08
07-Sep-21,11.21,-0.03,-0.29
03-Sep-21,11.24,-0.02,-0.15
02-Sep-21,11.26,0.01,0.1
01-Sep-21,11.25,-0.01,-0.07
31-Aug-21,11.25,-0.02,-0.19
27-Aug-21,11.27,0,0.04
26-Aug-21,11.27,0,-0.03
25-Aug-21,11.27,-0.05,-0.42
24-Aug-21,11.32,-0.01,-0.06
23-Aug-21,11.33,-0.01,-0.09
20-Aug-21,11.34,0,0.04
19-Aug-21,11.33,0.01,0.09
18-Aug-21,11.32,0.01,0.05
17-Aug-21,11.32,0,-0.04
16-Aug-21,11.32,0.01,0.06
13-Aug-21,11.31,0.01,0.1
12-Aug-21,11.3,0,0.01
11-Aug-21,11.3,-0.01,-0.06
10-Aug-21,11.31,0,0.04
09-Aug-21,11.3,0,0
06-Aug-21,11.3,-0.04,-0.39
05-Aug-21,11.35,0.01,0.11
04-Aug-21,11.34,0,0
03-Aug-21,11.34,0.01,0.08
02-Aug-21,11.33,0.02,0.19
30-Jul-21,11.31,0.01,0.09
29-Jul-21,11.3,0,0.02
28-Jul-21,11.29,0,0.01
27-Jul-21,11.29,0.02,0.14
26-Jul-21,11.28,0,-0.02
23-Jul-21,11.28,0,-0.02
22-Jul-21,11.28,0.02,0.2
21-Jul-21,11.26,-0.03,-0.23
20-Jul-21,11.28,0.01,0.11
19-Jul-21,11.27,0.04,0.34
16-Jul-21,11.23,0.01,0.12
15-Jul-21,11.22,0.02,0.13
14-Jul-21,11.21,0.02,0.15
13-Jul-21,11.19,0,0
12-Jul-21,11.19,0.01,0.06
09-Jul-21,11.18,-0.03,-0.27
08-Jul-21,11.21,0.01,0.1
07-Jul-21,11.2,0.03,0.23
06-Jul-21,11.18,0.03,0.31
02-Jul-21,11.14,0.03,0.23
01-Jul-21,11.12,0,-0.02
30-Jun-21,11.12,0.03,0.23
29-Jun-21,11.09,0,-0.02
28-Jun-21,11.1,0.03,0.25
25-Jun-21,11.07,-0.03,-0.3
24-Jun-21,11.1,0.01,0.05
23-Jun-21,11.1,0,0.03
22-Jun-21,11.09,-0.01,-0.05
21-Jun-21,11.1,-0.02,-0.17
18-Jun-21,11.12,0.02,0.14
17-Jun-21,11.1,0,-0.04
16-Jun-21,11.11,0,-0.02
15-Jun-21,11.11,-0.01,-0.1
14-Jun-21,11.12,-0.02,-0.15
11-Jun-21,11.14,0.02,0.16
10-Jun-21,11.12,0,-0.02
09-Jun-21,11.12,0.03,0.24
08-Jun-21,11.09,0.02,0.18
07-Jun-21,11.07,-0.01,-0.07
04-Jun-21,11.08,0.02,0.21
03-Jun-21,11.06,-0.01,-0.12
02-Jun-21,11.07,0.01,0.13
01-Jun-21,11.06,0,-0.03
28-May-21,11.06,0.01,0.07
27-May-21,11.05,-0.02,-0.22
26-May-21,11.08,0.03,0.23
25-May-21,11.05,0.03,0.25
24-May-21,11.02,0.01,0.08
21-May-21,11.02,0.02,0.15
20-May-21,11,0.01,0.11
19-May-21,10.99,0,-0.04
18-May-21,10.99,0,-0.03
17-May-21,10.99,-0.01,-0.1
14-May-21,11.01,0.01,0.06
13-May-21,11,0,-0.03
12-May-21,11,-0.03,-0.28
11-May-21,11.03,-0.04,-0.36
10-May-21,11.07,-0.01,-0.06
07-May-21,11.08,-0.01,-0.07
06-May-21,11.09,0,0.01
05-May-21,11.09,-0.01,-0.07
04-May-21,11.09,0.03,0.26
30-Apr-21,11.07,0,0.02
29-Apr-21,11.06,-0.03,-0.27
28-Apr-21,11.09,-0.01,-0.08
27-Apr-21,11.1,-0.01,-0.08
26-Apr-21,11.11,0,-0.02
23-Apr-21,11.12,-0.01,-0.07
22-Apr-21,11.12,0,0.03
21-Apr-21,11.12,0.01,0.07
20-Apr-21,11.11,0.01,0.1
19-Apr-21,11.1,-0.01,-0.11
16-Apr-21,11.11,-0.02,-0.17
15-Apr-21,11.13,0.03,0.28
14-Apr-21,11.1,-0.02,-0.14
13-Apr-21,11.12,0,0.02
12-Apr-21,11.11,0,-0.04
09-Apr-21,11.12,-0.02,-0.2
08-Apr-21,11.14,0.01,0.13
07-Apr-21,11.13,0,0.01
06-Apr-21,11.13,0,0.02
01-Apr-21,11.12,0.03,0.28
31-Mar-21,11.09,0.01,0.12
30-Mar-21,11.08,-0.02,-0.19
29-Mar-21,11.1,-0.03,-0.24
26-Mar-21,11.13,-0.02,-0.18
25-Mar-21,11.15,0.01,0.12
24-Mar-21,11.14,0.01,0.13
23-Mar-21,11.12,0.02,0.2
22-Mar-21,11.1,0.01,0.12
19-Mar-21,11.09,0.02,0.15
18-Mar-21,11.07,-0.02,-0.22
17-Mar-21,11.09,-0.04,-0.32
16-Mar-21,11.13,0,0
15-Mar-21,11.13,0.02,0.21
12-Mar-21,11.1,-0.04,-0.35
11-Mar-21,11.14,0.01,0.11
10-Mar-21,11.13,0.01,0.07
09-Mar-21,11.12,0.02,0.17
08-Mar-21,11.11,-0.01,-0.13
05-Mar-21,11.12,-0.02,-0.17
04-Mar-21,11.14,-0.01,-0.06
03-Mar-21,11.14,-0.04,-0.35
02-Mar-21,11.18,0,0.03
01-Mar-21,11.18,0.05,0.42
26-Feb-21,11.13,0.04,0.32
25-Feb-21,11.1,-0.06,-0.52
24-Feb-21,11.16,-0.02,-0.2
23-Feb-21,11.18,-0.02,-0.16
22-Feb-21,11.2,0.01,0.11
19-Feb-21,11.18,-0.02,-0.22
18-Feb-21,11.21,-0.02,-0.18
17-Feb-21,11.23,0.01,0.05
16-Feb-21,11.22,-0.06,-0.51
12-Feb-21,11.28,-0.03,-0.27
11-Feb-21,11.31,0.01,0.07
10-Feb-21,11.3,0,-0.02
09-Feb-21,11.31,0,0.04
08-Feb-21,11.3,0,-0.03
05-Feb-21,11.3,-0.01,-0.07
04-Feb-21,11.31,-0.01,-0.06
03-Feb-21,11.32,-0.01,-0.12
02-Feb-21,11.33,-0.02,-0.17
01-Feb-21,11.35,0,0.02
29-Jan-21,11.35,-0.02,-0.2
28-Jan-21,11.37,-0.01,-0.07
27-Jan-21,11.38,0,0.04
26-Jan-21,11.38,-0.01,-0.12
25-Jan-21,11.39,0.03,0.28
22-Jan-21,11.36,0.01,0.12
21-Jan-21,11.34,-0.03,-0.27
20-Jan-21,11.37,0,0.01
19-Jan-21,11.37,-0.01,-0.07
15-Jan-21,11.38,-0.01,-0.05
14-Jan-21,11.39,0.01,0.07
13-Jan-21,11.38,0.04,0.39
12-Jan-21,11.33,-0.03,-0.24
11-Jan-21,11.36,-0.02,-0.18
08-Jan-21,11.38,0,0.02
07-Jan-21,11.38,-0.01,-0.06
06-Jan-21,11.39,-0.03,-0.25
05-Jan-21,11.41,-0.01,-0.1
04-Jan-21,11.43,0.02,0.16
30-Dec-20,11.41,0,-0.01
29-Dec-20,11.41,0.03,0.28
23-Dec-20,11.38,-0.03,-0.3
22-Dec-20,11.41,0.01,0.06
21-Dec-20,11.41,0,0.04
18-Dec-20,11.4,0,-0.03
17-Dec-20,11.4,0.01,0.05
16-Dec-20,11.4,-0.03,-0.22
15-Dec-20,11.42,-0.01,-0.07
14-Dec-20,11.43,-0.01,-0.1
11-Dec-20,11.44,0.03,0.23
10-Dec-20,11.42,0,0.03
09-Dec-20,11.41,-0.01,-0.07
08-Dec-20,11.42,0.02,0.17
07-Dec-20,11.4,0.03,0.26
04-Dec-20,11.37,-0.01,-0.1
03-Dec-20,11.38,0.02,0.21
02-Dec-20,11.36,0,-0.01
01-Dec-20,11.36,-0.04,-0.32
30-Nov-20,11.4,0,-0.04
27-Nov-20,11.4,0.01,0.11
25-Nov-20,11.39,0,0.03
24-Nov-20,11.39,0,-0.03
23-Nov-20,11.39,-0.01,-0.1
20-Nov-20,11.4,0.01,0.09
19-Nov-20,11.39,0.01,0.13
18-Nov-20,11.37,0,-0.01
17-Nov-20,11.37,0.02,0.16
16-Nov-20,11.36,0.01,0.07
13-Nov-20,11.35,0.01,0.08
12-Nov-20,11.34,0.04,0.39
10-Nov-20,11.29,-0.01,-0.09
09-Nov-20,11.31,-0.06,-0.56
06-Nov-20,11.37,-0.01,-0.13
05-Nov-20,11.38,0.01,0.06
04-Nov-20,11.38,0.04,0.31
03-Nov-20,11.34,0,-0.01
02-Nov-20,11.34,0,0.04
30-Oct-20,11.34,-0.01,-0.1
29-Oct-20,11.35,0,0.02
28-Oct-20,11.35,-0.01,-0.06
27-Oct-20,11.35,0.03,0.24
26-Oct-20,11.33,0.01,0.07
23-Oct-20,11.32,0.01,0.07
22-Oct-20,11.31,-0.03,-0.26
21-Oct-20,11.34,0,-0.04
20-Oct-20,11.34,-0.01,-0.13
19-Oct-20,11.36,-0.01,-0.05
16-Oct-20,11.36,0.01,0.06
15-Oct-20,11.36,0.02,0.15
14-Oct-20,11.34,0.01,0.1
13-Oct-20,11.33,0.03,0.24
09-Oct-20,11.3,0.01,0.1
08-Oct-20,11.29,0.02,0.18
07-Oct-20,11.27,-0.01,-0.1
06-Oct-20,11.28,0,0.04
05-Oct-20,11.28,-0.01,-0.08
02-Oct-20,11.29,0,-0.01
01-Oct-20,11.29,0.01,0.08
30-Sep-20,11.28,-0.02,-0.15
29-Sep-20,11.3,0.02,0.14
28-Sep-20,11.28,0,0
25-Sep-20,11.28,0.01,0.07
24-Sep-20,11.28,0,-0.01
23-Sep-20,11.28,-0.01,-0.07
22-Sep-20,11.29,-0.01,-0.13
21-Sep-20,11.3,0.02,0.19
18-Sep-20,11.28,-0.01,-0.07
17-Sep-20,11.29,0.02,0.14
16-Sep-20,11.27,0,0.03
15-Sep-20,11.27,0,0.01
14-Sep-20,11.27,0.01,0.06
11-Sep-20,11.26,0.04,0.32
10-Sep-20,11.22,-0.02,-0.14
09-Sep-20,11.24,-0.02,-0.21
08-Sep-20,11.26,0.02,0.13
04-Sep-20,11.25,-0.03,-0.26
03-Sep-20,11.28,0.02,0.16
02-Sep-20,11.26,0.05,0.45
01-Sep-20,11.21,0.02,0.14
28-Aug-20,11.19,0.01,0.05
27-Aug-20,11.19,-0.02,-0.19
26-Aug-20,11.21,-0.01,-0.08
25-Aug-20,11.22,-0.05,-0.44
24-Aug-20,11.27,0,-0.01
21-Aug-20,11.27,0,0.02
20-Aug-20,11.27,0.02,0.13
19-Aug-20,11.25,0.01,0.05
18-Aug-20,11.25,0.01,0.09
17-Aug-20,11.24,0.02,0.18
14-Aug-20,11.21,0,0.01
13-Aug-20,11.21,-0.03,-0.3
12-Aug-20,11.25,-0.01,-0.13
11-Aug-20,11.26,-0.04,-0.34
10-Aug-20,11.3,0.01,0.13
07-Aug-20,11.29,-0.01,-0.1
06-Aug-20,11.3,0.03,0.23
05-Aug-20,11.27,-0.02,-0.2
04-Aug-20,11.29,0.03,0.29
03-Aug-20,11.26,-0.01,-0.05
31-Jul-20,11.27,-0.01,-0.07
30-Jul-20,11.27,0.03,0.25
29-Jul-20,11.25,-0.01,-0.09
28-Jul-20,11.26,0.01,0.12
27-Jul-20,11.24,0.03,0.24
24-Jul-20,11.22,-0.02,-0.21
23-Jul-20,11.24,0,0.03
22-Jul-20,11.24,0.02,0.21
21-Jul-20,11.21,0.01,0.12
20-Jul-20,11.2,0.02,0.2
17-Jul-20,11.18,-0.01,-0.07
16-Jul-20,11.19,0.02,0.18
15-Jul-20,11.17,0,0.02
14-Jul-20,11.16,0.03,0.27
13-Jul-20,11.13,-0.03,-0.31
10-Jul-20,11.17,0,0.04
09-Jul-20,11.16,0.02,0.19
08-Jul-20,11.14,0.01,0.09
07-Jul-20,11.13,0.01,0.1
06-Jul-20,11.12,0.01,0.05
02-Jul-20,11.12,0.04,0.35
01-Jul-20,11.08,-0.04,-0.4
30-Jun-20,11.12,0,0.02
29-Jun-20,11.12,0,-0.01
26-Jun-20,11.12,0.01,0.06
25-Jun-20,11.11,0.01,0.11
24-Jun-20,11.1,0.02,0.14
23-Jun-20,11.09,-0.02,-0.2
22-Jun-20,11.11,0.01,0.12
19-Jun-20,11.1,0.01,0.06
18-Jun-20,11.09,0.02,0.14
17-Jun-20,11.07,0,0.01
16-Jun-20,11.07,0.02,0.17
15-Jun-20,11.05,0,-0.02
12-Jun-20,11.06,0,0.04
11-Jun-20,11.05,0.04,0.37
10-Jun-20,11.01,0.01,0.06
09-Jun-20,11,0,0.01
08-Jun-20,11,0.04,0.38
05-Jun-20,10.96,0,-0.03
04-Jun-20,10.96,0,0.03
03-Jun-20,10.96,-0.02,-0.18
02-Jun-20,10.98,0.02,0.18
01-Jun-20,10.96,-0.03,-0.28
29-May-20,10.99,0.02,0.21
28-May-20,10.97,0.01,0.13
27-May-20,10.95,0.02,0.22
26-May-20,10.93,-0.02,-0.16
22-May-20,10.95,0,0.02
21-May-20,10.94,0.02,0.18
20-May-20,10.92,0.02,0.21
19-May-20,10.9,0.01,0.09
18-May-20,10.89,-0.02,-0.2
15-May-20,10.91,0,0
14-May-20,10.91,-0.01,-0.07
13-May-20,10.92,0.01,0.12
12-May-20,10.91,0.01,0.1
11-May-20,10.9,-0.02,-0.2
07-May-20,10.92,0.03,0.26
06-May-20,10.89,-0.05,-0.46
05-May-20,10.94,-0.03,-0.26
30-Apr-20,10.97,0.05,0.48
29-Apr-20,10.92,0.02,0.18
28-Apr-20,10.9,0.02,0.18
27-Apr-20,10.88,0,0
24-Apr-20,10.88,0.04,0.33
23-Apr-20,10.84,0.03,0.31
22-Apr-20,10.81,-0.03,-0.29
21-Apr-20,10.84,0.01,0.07
20-Apr-20,10.83,-0.03,-0.24
17-Apr-20,10.86,0.01,0.06
16-Apr-20,10.85,0,0.02
15-Apr-20,10.85,0.05,0.46
14-Apr-20,10.8,0.06,0.56
09-Apr-20,10.74,0.07,0.66
08-Apr-20,10.67,0.01,0.12
07-Apr-20,10.66,-0.03,-0.3
06-Apr-20,10.69,-0.01,-0.11
03-Apr-20,10.7,0,-0.01
02-Apr-20,10.7,-0.01,-0.1
01-Apr-20,10.72,0,0.02
31-Mar-20,10.71,-0.03,-0.3
30-Mar-20,10.75,0.04,0.37
27-Mar-20,10.71,0.08,0.72
26-Mar-20,10.63,0.09,0.81
25-Mar-20,10.54,-0.01,-0.09
24-Mar-20,10.55,-0.06,-0.56
23-Mar-20,10.61,0,0
20-Mar-20,10.61,0.09,0.85
19-Mar-20,10.52,-0.02,-0.18
18-Mar-20,10.54,-0.21,-1.99
17-Mar-20,10.76,-0.09,-0.84
16-Mar-20,10.85,-0.11,-1
13-Mar-20,10.96,-0.11,-0.96
12-Mar-20,11.06,-0.13,-1.14
11-Mar-20,11.19,-0.02,-0.21
10-Mar-20,11.21,-0.07,-0.61
09-Mar-20,11.28,-0.01,-0.09
06-Mar-20,11.29,0.04,0.36
05-Mar-20,11.25,0.01,0.11
04-Mar-20,11.24,0.02,0.15
03-Mar-20,11.22,0.02,0.21
02-Mar-20,11.2,0.01,0.11
28-Feb-20,11.19,0.03,0.26
27-Feb-20,11.16,0.01,0.05
26-Feb-20,11.15,-0.02,-0.16
25-Feb-20,11.17,0.01,0.1
24-Feb-20,11.16,0.03,0.24
21-Feb-20,11.13,0.01,0.13
20-Feb-20,11.12,0.02,0.22
19-Feb-20,11.09,0.01,0.06
18-Feb-20,11.08,0.01,0.09
14-Feb-20,11.07,0.01,0.12
13-Feb-20,11.06,0.01,0.1
12-Feb-20,11.05,-0.01,-0.08
11-Feb-20,11.06,-0.02,-0.16
10-Feb-20,11.08,0.02,0.19
07-Feb-20,11.06,0.03,0.25
06-Feb-20,11.03,0,-0.02
05-Feb-20,11.03,-0.03,-0.24
04-Feb-20,11.06,-0.02,-0.21
03-Feb-20,11.08,-0.01,-0.08
31-Jan-20,11.09,0.02,0.22
30-Jan-20,11.06,0.02,0.18
29-Jan-20,11.04,0.02,0.2
28-Jan-20,11.02,-0.02,-0.19
27-Jan-20,11.04,0.04,0.4
24-Jan-20,11,0.02,0.16
23-Jan-20,10.98,0.03,0.27
22-Jan-20,10.95,0.01,0.08
21-Jan-20,10.94,0.04,0.33
17-Jan-20,10.91,0,-0.03
16-Jan-20,10.91,0.01,0.05
15-Jan-20,10.91,0.02,0.2
14-Jan-20,10.89,0.01,0.13
13-Jan-20,10.87,-0.02,-0.23
10-Jan-20,10.9,0,-0.03
08-Jan-20,10.9,-0.02,-0.17
07-Jan-20,10.92,-0.01,-0.06
06-Jan-20,10.92,0,-0.01
03-Jan-20,10.92,0.04,0.39
02-Jan-20,10.88,0.03,0.25
30-Dec-19,10.85,-0.04,-0.37
27-Dec-19,10.89,0.01,0.12
23-Dec-19,10.88,-0.01,-0.06
20-Dec-19,10.89,0.01,0.06
19-Dec-19,10.88,-0.01,-0.05
18-Dec-19,10.89,-0.03,-0.26
17-Dec-19,10.92,0.01,0.09
16-Dec-19,10.91,-0.01,-0.11
13-Dec-19,10.92,0.03,0.3
12-Dec-19,10.89,-0.04,-0.38
11-Dec-19,10.93,0.02,0.16
10-Dec-19,10.91,0,-0.01
09-Dec-19,10.91,0.01,0.11
06-Dec-19,10.9,-0.01,-0.08
05-Dec-19,10.91,-0.02,-0.17
04-Dec-19,10.92,-0.02,-0.22
03-Dec-19,10.95,0.06,0.53
02-Dec-19,10.89,-0.05,-0.46
29-Nov-19,10.94,-0.01,-0.06
27-Nov-19,10.95,0,-0.03
26-Nov-19,10.95,0.02,0.19
25-Nov-19,10.93,0,0.01
22-Nov-19,10.93,0.02,0.16
21-Nov-19,10.91,-0.02,-0.19
20-Nov-19,10.93,0.01,0.08
19-Nov-19,10.93,0,0.02
18-Nov-19,10.92,0,0.03
15-Nov-19,10.92,-0.01,-0.06
14-Nov-19,10.93,0.03,0.24
13-Nov-19,10.9,0.03,0.3
12-Nov-19,10.87,-0.01,-0.06
08-Nov-19,10.88,0,0.04
07-Nov-19,10.87,-0.05,-0.49
06-Nov-19,10.93,0.01,0.1
05-Nov-19,10.92,-0.02,-0.19
04-Nov-19,10.94,-0.02,-0.22
01-Nov-19,10.96,-0.02,-0.19
31-Oct-19,10.98,0.04,0.37
30-Oct-19,10.94,0.01,0.07
29-Oct-19,10.93,0.01,0.12
28-Oct-19,10.92,-0.03,-0.28
25-Oct-19,10.95,-0.02,-0.21
24-Oct-19,10.97,0.01,0.05
23-Oct-19,10.97,0.02,0.16
22-Oct-19,10.95,0.02,0.23
21-Oct-19,10.92,-0.03,-0.26
18-Oct-19,10.95,-0.01,-0.08
17-Oct-19,10.96,0,0.02
16-Oct-19,10.96,0,-0.04
15-Oct-19,10.96,-0.01,-0.12
11-Oct-19,10.98,-0.03,-0.29
10-Oct-19,11.01,-0.05,-0.43
09-Oct-19,11.06,-0.03,-0.27
08-Oct-19,11.09,0.01,0.12
07-Oct-19,11.07,-0.01,-0.13
04-Oct-19,11.09,0,0.04
03-Oct-19,11.08,0.03,0.3
02-Oct-19,11.05,-0.01,-0.11
01-Oct-19,11.06,0,0
30-Sep-19,11.06,0,0.01
27-Sep-19,11.06,0,-0.03
26-Sep-19,11.07,0.01,0.08
25-Sep-19,11.06,-0.02,-0.22
24-Sep-19,11.08,0.02,0.19
23-Sep-19,11.06,0.05,0.48
20-Sep-19,11.01,0.01,0.11
19-Sep-19,11,0,0
18-Sep-19,11,0.03,0.27
17-Sep-19,10.97,0,-0.03
16-Sep-19,10.97,0.03,0.27
13-Sep-19,10.94,-0.07,-0.63
12-Sep-19,11.01,-0.01,-0.08
11-Sep-19,11.02,0,0.01
10-Sep-19,11.02,-0.03,-0.26
09-Sep-19,11.05,-0.06,-0.53
06-Sep-19,11.11,0.03,0.28
05-Sep-19,11.07,-0.07,-0.66
04-Sep-19,11.15,-0.03,-0.24
03-Sep-19,11.18,0.01,0.08
30-Aug-19,11.17,0,-0.02
29-Aug-19,11.17,-0.02,-0.21
28-Aug-19,11.19,0.03,0.25
27-Aug-19,11.16,0.04,0.32
23-Aug-19,11.13,0.02,0.22
22-Aug-19,11.1,-0.03,-0.31
21-Aug-19,11.14,-0.01,-0.08
20-Aug-19,11.15,0.03,0.26
19-Aug-19,11.12,-0.04,-0.34
16-Aug-19,11.16,-0.02,-0.16
15-Aug-19,11.17,0.05,0.44
14-Aug-19,11.12,0.04,0.38
13-Aug-19,11.08,0.01,0.11
12-Aug-19,11.07,0.02,0.21
09-Aug-19,11.05,-0.01,-0.05
08-Aug-19,11.05,-0.03,-0.27
07-Aug-19,11.08,0.05,0.43
06-Aug-19,11.03,0.01,0.13
05-Aug-19,11.02,0.02,0.19
02-Aug-19,11,0.02,0.19
01-Aug-19,10.98,0.03,0.3
31-Jul-19,10.95,0.03,0.26
30-Jul-19,10.92,0,0.01
29-Jul-19,10.92,0.02,0.14
26-Jul-19,10.9,0.01,0.1
25-Jul-19,10.89,-0.01,-0.05
24-Jul-19,10.9,0.02,0.23
23-Jul-19,10.87,0,0.04
22-Jul-19,10.87,0.01,0.12
19-Jul-19,10.85,0,0.04
18-Jul-19,10.85,0.01,0.13
17-Jul-19,10.84,0.03,0.27
16-Jul-19,10.81,0.01,0.06
15-Jul-19,10.8,0.03,0.27
12-Jul-19,10.77,-0.01,-0.1
11-Jul-19,10.78,-0.03,-0.3
10-Jul-19,10.81,-0.02,-0.21
09-Jul-19,10.84,-0.02,-0.18
08-Jul-19,10.86,0,0.03
05-Jul-19,10.85,-0.02,-0.17
03-Jul-19,10.87,0.04,0.33
02-Jul-19,10.84,0.01,0.06
01-Jul-19,10.83,0.02,0.2
28-Jun-19,10.81,0.01,0.07
27-Jun-19,10.8,0.01,0.08
26-Jun-19,10.79,-0.02,-0.18
25-Jun-19,10.81,0.02,0.17
24-Jun-19,10.79,0.03,0.23
21-Jun-19,10.77,-0.03,-0.27
20-Jun-19,10.8,0.04,0.35
19-Jun-19,10.76,-0.01,-0.12
18-Jun-19,10.77,0.07,0.61
17-Jun-19,10.71,-0.01,-0.07
14-Jun-19,10.71,0.02,0.14
13-Jun-19,10.7,0.01,0.07
12-Jun-19,10.69,0,0.03
11-Jun-19,10.69,0.02,0.16
10-Jun-19,10.67,-0.03,-0.31
06-Jun-19,10.67,0.02,0.16
05-Jun-19,10.66,0.02,0.18
04-Jun-19,10.64,0.01,0.08
03-Jun-19,10.63,0.02,0.14
31-May-19,10.61,0.03,0.25
30-May-19,10.59,0,-0.01
29-May-19,10.59,0.01,0.12
28-May-19,10.58,0.02,0.21
24-May-19,10.55,0,-0.01
23-May-19,10.56,0.02,0.17
22-May-19,10.54,0.01,0.09
21-May-19,10.53,-0.01,-0.12
20-May-19,10.54,-0.01,-0.12
17-May-19,10.55,0,0.02
16-May-19,10.55,0,0
15-May-19,10.55,0.02,0.15
14-May-19,10.54,0,0.01
13-May-19,10.53,0.01,0.1
10-May-19,10.52,0,-0.01
09-May-19,10.52,-0.01,-0.07
08-May-19,10.53,0,-0.04
07-May-19,10.54,0.02,0.21
03-May-19,10.51,0.01,0.05
02-May-19,10.51,-0.01,-0.08
30-Apr-19,10.52,0.01,0.05
29-Apr-19,10.51,0,-0.03
26-Apr-19,10.51,0.01,0.11
25-Apr-19,10.5,-0.01,-0.08
24-Apr-19,10.51,0.04,0.35
23-Apr-19,10.47,-0.01,-0.07
18-Apr-19,10.48,0.03,0.31
17-Apr-19,10.45,-0.01,-0.06
16-Apr-19,10.46,0,-0.04
15-Apr-19,10.46,0,0
12-Apr-19,10.46,-0.03,-0.32
11-Apr-19,10.49,-0.01,-0.1
10-Apr-19,10.51,0.02,0.17
09-Apr-19,10.49,0.01,0.1
08-Apr-19,10.48,0,-0.01
05-Apr-19,10.48,0,0.03
04-Apr-19,10.47,0.01,0.1
03-Apr-19,10.46,-0.02,-0.24
02-Apr-19,10.49,0.02,0.17
01-Apr-19,10.47,-0.03,-0.29
29-Mar-19,10.5,-0.01,-0.09
28-Mar-19,10.51,-0.01,-0.12
27-Mar-19,10.52,0.04,0.39
26-Mar-19,10.48,0,-0.01
25-Mar-19,10.48,0,0.02
22-Mar-19,10.48,0.04,0.4
21-Mar-19,10.44,0.02,0.24
20-Mar-19,10.41,0.01,0.13
19-Mar-19,10.4,0,-0.03
18-Mar-19,10.4,0.01,0.11
15-Mar-19,10.39,0.01,0.1
14-Mar-19,10.38,0,-0.02
13-Mar-19,10.38,0,0.02
12-Mar-19,10.38,0,0.04
11-Mar-19,10.38,0,0.01
08-Mar-19,10.38,0,0.05
07-Mar-19,10.37,0.04,0.36
06-Mar-19,10.34,0.02,0.23
05-Mar-19,10.31,0,0
04-Mar-19,10.31,0.02,0.15
01-Mar-19,10.3,-0.01,-0.1
28-Feb-19,10.31,-0.01,-0.09
27-Feb-19,10.32,-0.02,-0.17
26-Feb-19,10.33,0,0.02
25-Feb-19,10.33,0,-0.03
22-Feb-19,10.33,0.02,0.17
21-Feb-19,10.32,-0.02,-0.15
20-Feb-19,10.33,0.01,0.05
19-Feb-19,10.33,0.01,0.1
15-Feb-19,10.32,0,-0.03
14-Feb-19,10.32,0.02,0.16
13-Feb-19,10.3,0,0.02
12-Feb-19,10.3,-0.01,-0.07
11-Feb-19,10.31,-0.01,-0.11
08-Feb-19,10.32,0.01,0.07
07-Feb-19,10.31,0.02,0.21
06-Feb-19,10.29,0.01,0.07
05-Feb-19,10.28,0.01,0.14
04-Feb-19,10.27,-0.01,-0.08
01-Feb-19,10.28,-0.01,-0.11
31-Jan-19,10.29,0.03,0.33
30-Jan-19,10.25,0.01,0.1
29-Jan-19,10.24,0.01,0.08
28-Jan-19,10.24,0,-0.04
25-Jan-19,10.24,-0.01,-0.05
24-Jan-19,10.25,0.03,0.31
23-Jan-19,10.22,0,0.03
22-Jan-19,10.21,0.02,0.21
18-Jan-19,10.19,-0.01,-0.06
17-Jan-19,10.2,-0.01,-0.05
16-Jan-19,10.2,0,-0.05
15-Jan-19,10.21,0.01,0.1
14-Jan-19,10.2,0.01,0.08
11-Jan-19,10.19,0.01,0.11
10-Jan-19,10.18,0.01,0.05
09-Jan-19,10.17,0.01,0.13
08-Jan-19,10.16,0,-0.03
07-Jan-19,10.16,-0.01,-0.14
04-Jan-19,10.18,-0.04,-0.39
03-Jan-19,10.22,0.01,0.11
02-Jan-19,10.21,0.03,0.31
28-Dec-18,10.17,0,-0.05
27-Dec-18,10.18,0.01,0.14
21-Dec-18,10.16,-0.01,-0.12
20-Dec-18,10.18,0,0.04
19-Dec-18,10.17,0.01,0.07
18-Dec-18,10.17,0.01,0.12
17-Dec-18,10.15,0,0
14-Dec-18,10.15,0.01,0.12
13-Dec-18,10.14,0,-0.01
12-Dec-18,10.14,0.01,0.06
11-Dec-18,10.14,0,-0.04
10-Dec-18,10.14,0,0.03
07-Dec-18,10.14,-0.01,-0.1
06-Dec-18,10.15,0.01,0.08
04-Dec-18,10.14,0.01,0.13
03-Dec-18,10.13,0.03,0.25
30-Nov-18,10.1,0.01,0.07
29-Nov-18,10.09,0.02,0.16
28-Nov-18,10.08,0,-0.03
27-Nov-18,10.08,0,0.05
26-Nov-18,10.08,-0.01,-0.1
23-Nov-18,10.09,0.02,0.15
21-Nov-18,10.07,-0.01,-0.06
20-Nov-18,10.08,0,0
19-Nov-18,10.08,-0.01,-0.07
16-Nov-18,10.08,0,-0.03
15-Nov-18,10.09,0.01,0.07
14-Nov-18,10.08,0,-0.02
13-Nov-18,10.08,0,0.02
09-Nov-18,10.08,0.02,0.19
08-Nov-18,10.06,-0.01,-0.08
07-Nov-18,10.07,0,-0.02
06-Nov-18,10.07,0,0.01
05-Nov-18,10.07,0,0.04
02-Nov-18,10.07,-0.01,-0.15
01-Nov-18,10.08,-0.01,-0.12
31-Oct-18,10.09,-0.01,-0.09
30-Oct-18,10.1,-0.01,-0.08
29-Oct-18,10.11,-0.02,-0.19
26-Oct-18,10.13,0.02,0.2
25-Oct-18,10.11,0,-0.03
24-Oct-18,10.11,0.02,0.16
23-Oct-18,10.1,0.01,0.1
22-Oct-18,10.08,0,0.01
19-Oct-18,10.08,-0.02,-0.16
18-Oct-18,10.1,0,0.01
17-Oct-18,10.1,0.01,0.08
16-Oct-18,10.09,0.01,0.08
15-Oct-18,10.08,0,-0.01
12-Oct-18,10.08,0,0.04
11-Oct-18,10.08,0.02,0.16
10-Oct-18,10.06,-0.01,-0.09
09-Oct-18,10.07,0,0.05
08-Oct-18,10.07,0.01,0.05
05-Oct-18,10.06,-0.02,-0.15
04-Oct-18,10.08,-0.03,-0.3
03-Oct-18,10.11,-0.02,-0.24
02-Oct-18,10.13,0.02,0.2
01-Oct-18,10.11,-0.01,-0.06
28-Sep-18,10.12,0.02,0.16
27-Sep-18,10.1,0,0.01
26-Sep-18,10.1,0.01,0.13
25-Sep-18,10.09,-0.02,-0.15
24-Sep-18,10.1,-0.02,-0.22
21-Sep-18,10.13,0.01,0.1
20-Sep-18,10.12,0,0.03
19-Sep-18,10.11,-0.01,-0.08
18-Sep-18,10.12,-0.01,-0.12
17-Sep-18,10.13,0,-0.01
14-Sep-18,10.13,-0.01,-0.12
13-Sep-18,10.15,0,-0.04
12-Sep-18,10.15,0.01,0.1
11-Sep-18,10.14,-0.02,-0.15
10-Sep-18,10.15,0,-0.02
07-Sep-18,10.16,-0.02,-0.19
06-Sep-18,10.18,0.02,0.17
05-Sep-18,10.16,-0.01,-0.15
04-Sep-18,10.17,-0.02,-0.17
31-Aug-18,10.19,0.01,0.05
30-Aug-18,10.18,0.02,0.21
29-Aug-18,10.16,-0.01,-0.09
28-Aug-18,10.17,-0.03,-0.25
24-Aug-18,10.2,0,-0.03
23-Aug-18,10.2,0,0.02
22-Aug-18,10.2,-0.01,-0.06
21-Aug-18,10.21,-0.01,-0.13
20-Aug-18,10.22,0.01,0.1
17-Aug-18,10.21,0,0.02
16-Aug-18,10.21,-0.01,-0.07
15-Aug-18,10.21,0.02,0.16
14-Aug-18,10.2,0,-0.04
13-Aug-18,10.2,-0.01,-0.09
10-Aug-18,10.21,0.03,0.27
09-Aug-18,10.18,0.01,0.13
08-Aug-18,10.17,0,0.01
07-Aug-18,10.17,-0.01,-0.1
06-Aug-18,10.18,0.01,0.13
03-Aug-18,10.16,0.03,0.25
02-Aug-18,10.14,0,0.03
01-Aug-18,10.14,-0.03,-0.25
31-Jul-18,10.16,0.01,0.1
30-Jul-18,10.15,-0.02,-0.21
27-Jul-18,10.17,0,0
26-Jul-18,10.17,-0.01,-0.08
25-Jul-18,10.18,0.01,0.06
24-Jul-18,10.17,0.01,0.12
23-Jul-18,10.16,-0.02,-0.2
20-Jul-18,10.18,-0.02,-0.23
19-Jul-18,10.21,0,0.04
18-Jul-18,10.2,0,0
17-Jul-18,10.2,0.01,0.12
16-Jul-18,10.19,-0.02,-0.19
13-Jul-18,10.21,0.01,0.11
12-Jul-18,10.2,0.01,0.06
11-Jul-18,10.19,0.01,0.06
10-Jul-18,10.19,0,-0.01
09-Jul-18,10.19,-0.01,-0.06
06-Jul-18,10.2,0.01,0.06
05-Jul-18,10.19,0,0.01
03-Jul-18,10.19,0.01,0.09
02-Jul-18,10.18,0,0.02
29-Jun-18,10.18,0.01,0.14
28-Jun-18,10.16,0,0.03
27-Jun-18,10.16,0.02,0.17
26-Jun-18,10.14,-0.01,-0.12
25-Jun-18,10.15,0,0.02
22-Jun-18,10.15,0,-0.01
21-Jun-18,10.15,0.01,0.1
20-Jun-18,10.14,-0.01,-0.06
19-Jun-18,10.15,0.01,0.13
18-Jun-18,10.14,0,-0.01
15-Jun-18,10.14,0.02,0.2
14-Jun-18,10.12,0.03,0.27
13-Jun-18,10.09,0.01,0.09
12-Jun-18,10.08,0,0.05
11-Jun-18,10.08,-0.02,-0.16
08-Jun-18,10.09,0.01,0.08
07-Jun-18,10.08,-0.01,-0.1
06-Jun-18,10.09,-0.05,-0.48
05-Jun-18,10.14,0,0.04
01-Jun-18,10.14,-0.02,-0.23
31-May-18,10.16,0.02,0.18
30-May-18,10.14,-0.03,-0.32
29-May-18,10.18,0.04,0.4
25-May-18,10.14,0.02,0.21
24-May-18,10.11,0.02,0.21
23-May-18,10.09,0.02,0.18
22-May-18,10.08,-0.01,-0.1
21-May-18,10.09,0,0.03
18-May-18,10.08,0.02,0.2
17-May-18,10.06,-0.01,-0.14
16-May-18,10.08,0,0.01
15-May-18,10.08,-0.02,-0.24
14-May-18,10.1,-0.02,-0.2
11-May-18,10.12,0,-0.03
10-May-18,10.12,0.01,0.1
09-May-18,10.11,0,-0.05
08-May-18,10.12,-0.01,-0.13
04-May-18,10.13,-0.01,-0.06
03-May-18,10.14,0.02,0.16
02-May-18,10.12,-0.01,-0.08
01-May-18,10.13,-0.01,-0.06
30-Apr-18,10.13,0,0.05
27-Apr-18,10.13,0.01,0.15
26-Apr-18,10.11,0.02,0.19
25-Apr-18,10.09,-0.01,-0.12
24-Apr-18,10.11,0,-0.02
23-Apr-18,10.11,-0.02,-0.15
20-Apr-18,10.12,-0.01,-0.09
19-Apr-18,10.13,-0.04,-0.35
18-Apr-18,10.17,-0.01,-0.1
17-Apr-18,10.18,0.01,0.11
16-Apr-18,10.17,0,-0.04
13-Apr-18,10.17,0,0.03
12-Apr-18,10.17,-0.01,-0.12
11-Apr-18,10.18,0.01,0.14
10-Apr-18,10.17,-0.01,-0.07
09-Apr-18,10.17,0,-0.03
06-Apr-18,10.18,0.02,0.18
05-Apr-18,10.16,-0.02,-0.18
04-Apr-18,10.18,0,0.04
03-Apr-18,10.17,-0.01,-0.08
29-Mar-18,10.18,0.01,0.07
28-Mar-18,10.17,0,0.02
27-Mar-18,10.17,0.02,0.19
26-Mar-18,10.15,0,0
23-Mar-18,10.15,-0.01,-0.08
22-Mar-18,10.16,0.04,0.36
21-Mar-18,10.12,-0.01,-0.1
20-Mar-18,10.13,-0.01,-0.12
19-Mar-18,10.14,0,-0.05
16-Mar-18,10.15,0,-0.05
15-Mar-18,10.15,0,-0.02
14-Mar-18,10.16,0.01,0.12
13-Mar-18,10.14,0,0.04
12-Mar-18,10.14,0.01,0.14
09-Mar-18,10.13,-0.01,-0.13
08-Mar-18,10.14,0.01,0.13
07-Mar-18,10.13,0.01,0.07
06-Mar-18,10.12,-0.02,-0.16
05-Mar-18,10.14,-0.01,-0.1
01-Mar-18,10.15,0.01,0.12
28-Feb-18,10.13,0.01,0.11
27-Feb-18,10.12,-0.01,-0.12
26-Feb-18,10.13,0.01,0.06
23-Feb-18,10.13,0.02,0.24
22-Feb-18,10.1,0.01,0.08
21-Feb-18,10.09,0,-0.02
20-Feb-18,10.1,-0.01,-0.13
16-Feb-18,10.11,0.02,0.23
15-Feb-18,10.09,0,-0.01
14-Feb-18,10.09,-0.01,-0.14
13-Feb-18,10.1,-0.01,-0.06
12-Feb-18,10.11,0,-0.01
09-Feb-18,10.11,0,0.01
08-Feb-18,10.11,-0.02,-0.18
07-Feb-18,10.13,-0.02,-0.19
06-Feb-18,10.15,0.02,0.18
05-Feb-18,10.13,0.01,0.12
02-Feb-18,10.11,-0.03,-0.26
01-Feb-18,10.14,-0.01,-0.11
31-Jan-18,10.15,0,0.05
30-Jan-18,10.15,0,0.01
29-Jan-18,10.15,-0.03,-0.29
26-Jan-18,10.18,-0.01,-0.12
25-Jan-18,10.19,0,-0.02
24-Jan-18,10.19,-0.02,-0.16
23-Jan-18,10.21,0.01,0.07
22-Jan-18,10.2,0,0.02
19-Jan-18,10.2,0,-0.03
18-Jan-18,10.2,-0.01,-0.12
17-Jan-18,10.21,0,-0.02
16-Jan-18,10.22,0.02,0.15
12-Jan-18,10.2,0,-0.01
11-Jan-18,10.2,-0.02,-0.22
10-Jan-18,10.22,-0.01,-0.07
09-Jan-18,10.23,-0.02,-0.22
08-Jan-18,10.25,0.01,0.06
05-Jan-18,10.25,0,-0.01
04-Jan-18,10.25,0,-0.01
03-Jan-18,10.25,0.01,0.14
02-Jan-18,10.24,-0.02,-0.23
28-Dec-17,10.26,-0.03,-0.25
27-Dec-17,10.29,0.02,0.19
21-Dec-17,10.27,0,0.04
20-Dec-17,10.26,-0.02,-0.24
19-Dec-17,10.29,-0.04,-0.4
18-Dec-17,10.33,0,-0.04
15-Dec-17,10.33,0,0.04
14-Dec-17,10.33,0,0
13-Dec-17,10.33,0.01,0.06
12-Dec-17,10.32,-0.01,-0.11
11-Dec-17,10.33,0,0.04
08-Dec-17,10.33,-0.01,-0.08
07-Dec-17,10.34,-0.01,-0.05
06-Dec-17,10.34,0.01,0.14
05-Dec-17,10.33,0.01,0.11
04-Dec-17,10.32,-0.01,-0.14
01-Dec-17,10.33,0.04,0.35
30-Nov-17,10.29,0.01,0.05
29-Nov-17,10.29,-0.03,-0.24
28-Nov-17,10.31,0,0.02
27-Nov-17,10.31,0.01,0.13
24-Nov-17,10.3,-0.01,-0.1
22-Nov-17,10.31,0.01,0.08
21-Nov-17,10.3,0.01,0.14
20-Nov-17,10.29,0,0.03
17-Nov-17,10.28,0.01,0.07
16-Nov-17,10.28,0,-0.03
15-Nov-17,10.28,0.01,0.09
14-Nov-17,10.27,0.01,0.12
13-Nov-17,10.26,-0.03,-0.3
09-Nov-17,10.29,-0.03,-0.31
08-Nov-17,10.32,0,0
07-Nov-17,10.32,0.01,0.09
06-Nov-17,10.31,0.02,0.15
03-Nov-17,10.3,0,0.02
02-Nov-17,10.3,0.01,0.07
01-Nov-17,10.29,0,-0.03
31-Oct-17,10.29,0.01,0.05
30-Oct-17,10.29,0.02,0.23
27-Oct-17,10.26,0.03,0.24
26-Oct-17,10.24,0.01,0.14
25-Oct-17,10.22,-0.01,-0.08
24-Oct-17,10.23,-0.02,-0.21
23-Oct-17,10.25,0.01,0.12
20-Oct-17,10.24,-0.03,-0.29
19-Oct-17,10.27,0,0.01
18-Oct-17,10.27,-0.02,-0.16
17-Oct-17,10.29,0.01,0.07
16-Oct-17,10.28,0.01,0.08
13-Oct-17,10.27,0.02,0.22
12-Oct-17,10.25,0.01,0.08
11-Oct-17,10.24,-0.01,-0.07
10-Oct-17,10.25,0.02,0.16
06-Oct-17,10.23,-0.01,-0.06
05-Oct-17,10.24,0,-0.01
04-Oct-17,10.24,0,0.03
03-Oct-17,10.24,0,-0.02
02-Oct-17,10.24,0.01,0.08
29-Sep-17,10.23,0.01,0.07
28-Sep-17,10.22,-0.01,-0.07
27-Sep-17,10.23,-0.03,-0.32
26-Sep-17,10.26,-0.01,-0.07
25-Sep-17,10.27,0.03,0.27
22-Sep-17,10.24,0.01,0.05
21-Sep-17,10.24,-0.01,-0.06
20-Sep-17,10.24,0,0
19-Sep-17,10.24,0.01,0.05
18-Sep-17,10.24,-0.01,-0.09
15-Sep-17,10.25,-0.01,-0.08
14-Sep-17,10.25,-0.01,-0.08
13-Sep-17,10.26,0,-0.03
12-Sep-17,10.26,-0.04,-0.35
11-Sep-17,10.3,-0.01,-0.12
08-Sep-17,10.31,-0.01,-0.07
07-Sep-17,10.32,0.02,0.19
06-Sep-17,10.3,-0.01,-0.09
05-Sep-17,10.31,0.03,0.31
01-Sep-17,10.28,-0.02,-0.17
31-Aug-17,10.29,0,0.03
30-Aug-17,10.29,-0.01,-0.11
29-Aug-17,10.3,0.02,0.23
25-Aug-17,10.28,0,0.01
24-Aug-17,10.28,-0.01,-0.09
23-Aug-17,10.29,0.02,0.16
22-Aug-17,10.27,-0.01,-0.08
21-Aug-17,10.28,0,0.04
18-Aug-17,10.27,0.01,0.13
17-Aug-17,10.26,0.01,0.08
16-Aug-17,10.25,0,-0.01
15-Aug-17,10.25,-0.02,-0.18
14-Aug-17,10.27,-0.01,-0.14
11-Aug-17,10.29,0.01,0.14
10-Aug-17,10.27,0.01,0.09
09-Aug-17,10.26,0.03,0.24
08-Aug-17,10.24,-0.01,-0.11
07-Aug-17,10.25,0.01,0.07
04-Aug-17,10.24,-0.01,-0.13
03-Aug-17,10.26,0.02,0.17
02-Aug-17,10.24,0,-0.02
01-Aug-17,10.24,0.04,0.34
31-Jul-17,10.21,0,0.03
28-Jul-17,10.2,0,-0.03
27-Jul-17,10.21,0.01,0.06
26-Jul-17,10.2,0.01,0.13
25-Jul-17,10.19,-0.04,-0.37
24-Jul-17,10.22,0,-0.01
21-Jul-17,10.23,0.02,0.2
20-Jul-17,10.21,0,0.01
19-Jul-17,10.2,0.01,0.12
18-Jul-17,10.19,0.02,0.18
17-Jul-17,10.17,0.01,0.11
14-Jul-17,10.16,0.01,0.06
13-Jul-17,10.16,-0.01,-0.1
12-Jul-17,10.17,0.03,0.29
11-Jul-17,10.14,-0.01,-0.07
10-Jul-17,10.15,0.02,0.21
07-Jul-17,10.12,0,-0.03
06-Jul-17,10.13,-0.04,-0.41
05-Jul-17,10.17,0.01,0.14
03-Jul-17,10.16,-0.01,-0.12
30-Jun-17,10.17,-0.01,-0.13
29-Jun-17,10.18,-0.05,-0.45
28-Jun-17,10.23,-0.01,-0.06
27-Jun-17,10.23,-0.05,-0.47
26-Jun-17,10.28,0,0.04
23-Jun-17,10.28,0,-0.03
22-Jun-17,10.28,0.01,0.05
21-Jun-17,10.27,0,0.01
20-Jun-17,10.27,0.02,0.19
19-Jun-17,10.25,0,-0.03
16-Jun-17,10.26,0.01,0.07
15-Jun-17,10.25,-0.03,-0.25
14-Jun-17,10.28,0.03,0.29
13-Jun-17,10.25,0,0
12-Jun-17,10.25,0.01,0.1
09-Jun-17,10.24,0,-0.03
08-Jun-17,10.24,0,0.03
07-Jun-17,10.24,-0.01,-0.05
06-Jun-17,10.24,0.02,0.15
02-Jun-17,10.23,0.02,0.16
01-Jun-17,10.21,-0.01,-0.09
31-May-17,10.22,0.01,0.06
30-May-17,10.21,0.02,0.19
26-May-17,10.19,0.02,0.16
25-May-17,10.18,0.02,0.19
24-May-17,10.16,0,0.03
23-May-17,10.16,-0.01,-0.05
22-May-17,10.16,-0.01,-0.11
19-May-17,10.17,0,-0.04
18-May-17,10.18,0,0.02
17-May-17,10.17,0.03,0.33
16-May-17,10.14,0,0.03
15-May-17,10.14,-0.01,-0.13
12-May-17,10.15,0.03,0.28
11-May-17,10.12,-0.01,-0.08
10-May-17,10.13,0.01,0.12
09-May-17,10.12,-0.01,-0.11
08-May-17,10.13,0,0
05-May-17,10.13,-0.01,-0.07
04-May-17,10.14,-0.02,-0.19
03-May-17,10.16,0,0
02-May-17,10.16,0.01,0.06
28-Apr-17,10.15,0,-0.03
27-Apr-17,10.15,0.02,0.22
26-Apr-17,10.13,0.01,0.1
25-Apr-17,10.12,-0.02,-0.21
24-Apr-17,10.14,0,-0.02
21-Apr-17,10.14,0,-0.03
20-Apr-17,10.15,-0.01,-0.08
19-Apr-17,10.15,-0.01,-0.07
18-Apr-17,10.16,0.02,0.15
13-Apr-17,10.15,0.02,0.2
12-Apr-17,10.13,0.01,0.05
11-Apr-17,10.12,0.02,0.15
10-Apr-17,10.11,0,-0.01
07-Apr-17,10.11,0,0.04
06-Apr-17,10.1,0.01,0.07
05-Apr-17,10.1,0,-0.02
04-Apr-17,10.1,0.01,0.14
03-Apr-17,10.08,0.02,0.2
31-Mar-17,10.06,0,-0.01
30-Mar-17,10.07,-0.01,-0.07
29-Mar-17,10.07,0.02,0.15
28-Mar-17,10.06,0,0.02
27-Mar-17,10.06,0.01,0.09
24-Mar-17,10.05,0.01,0.12
23-Mar-17,10.03,0,-0.04
22-Mar-17,10.04,0.03,0.25
21-Mar-17,10.01,0,0.04
20-Mar-17,10.01,0,0.04
17-Mar-17,10.01,0.01,0.05
16-Mar-17,10,--,--
